agent_id,date,total_tours,escorted_tours,virtual_tours,actual_travels_required,daily_travel_time,travel_segments,final_physical_location
0650940d-f99a-48ba-b4f6-cca2a5127b86,2025-05-05,6,5,1,3,17.108029371064788,"[{'from_property': 64937, 'to_property': 64932, 'travel_time': 7.108029371064788, 'tour_causing_travel': 1, 'prev_end': Timestamp('2025-05-05 16:00:00'), 'next_start': Timestamp('2025-05-05 16:00:00'), 'buffer_time': 0.0}, {'from_property': 64932, 'to_property': 64933, 'travel_time': 5.0, 'tour_causing_travel': 2, 'prev_end': Timestamp('2025-05-05 17:00:00'), 'next_start': Timestamp('2025-05-05 16:00:00'), 'buffer_time': -60.0}, {'from_property': 64933, 'to_property': 64932, 'travel_time': 5.0, 'tour_causing_travel': 3, 'prev_end': Timestamp('2025-05-05 17:45:00'), 'next_start': Timestamp('2025-05-05 18:00:00'), 'buffer_time': 15.0}]",64932.0
0650940d-f99a-48ba-b4f6-cca2a5127b86,2025-05-06,3,2,1,0,0.0,[],100490.0
0650940d-f99a-48ba-b4f6-cca2a5127b86,2025-05-07,5,5,0,4,22.957382985677306,"[{'from_property': 64940, 'to_property': 64932, 'travel_time': 7.792444379186417, 'tour_causing_travel': 1, 'prev_end': Timestamp('2025-05-07 15:30:00'), 'next_start': Timestamp('2025-05-07 15:30:00'), 'buffer_time': 0.0}, {'from_property': 64932, 'to_property': 64934, 'travel_time': 5.164938606490889, 'tour_causing_travel': 2, 'prev_end': Timestamp('2025-05-07 16:30:00'), 'next_start': Timestamp('2025-05-07 17:30:00'), 'buffer_time': 60.0}, {'from_property': 64934, 'to_property': 64933, 'travel_time': 5.0, 'tour_causing_travel': 3, 'prev_end': Timestamp('2025-05-07 18:30:00'), 'next_start': Timestamp('2025-05-07 18:45:00'), 'buffer_time': 15.0}, {'from_property': 64933, 'to_property': 64934, 'travel_time': 5.0, 'tour_causing_travel': 4, 'prev_end': Timestamp('2025-05-07 19:30:00'), 'next_start': Timestamp('2025-05-07 19:30:00'), 'buffer_time': 0.0}]",64934.0
0650940d-f99a-48ba-b4f6-cca2a5127b86,2025-05-08,2,2,0,0,0.0,[],64932.0
0650940d-f99a-48ba-b4f6-cca2a5127b86,2025-05-09,5,5,0,3,44.2933556643283,"[{'from_property': 64933, 'to_property': 64938, 'travel_time': 14.764451888109434, 'tour_causing_travel': 1, 'prev_end': Timestamp('2025-05-09 14:00:00'), 'next_start': Timestamp('2025-05-09 14:00:00'), 'buffer_time': 0.0}, {'from_property': 64938, 'to_property': 64933, 'travel_time': 14.764451888109434, 'tour_causing_travel': 2, 'prev_end': Timestamp('2025-05-09 15:00:00'), 'next_start': Timestamp('2025-05-09 16:00:00'), 'buffer_time': 60.0}, {'from_property': 64933, 'to_property': 64938, 'travel_time': 14.764451888109434, 'tour_causing_travel': 3, 'prev_end': Timestamp('2025-05-09 16:45:00'), 'next_start': Timestamp('2025-05-09 17:00:00'), 'buffer_time': 15.0}]",64938.0
0650940d-f99a-48ba-b4f6-cca2a5127b86,2025-05-10,5,5,0,2,30.323262133515076,"[{'from_property': 64938, 'to_property': 78139, 'travel_time': 15.161631066757538, 'tour_causing_travel': 2, 'prev_end': Timestamp('2025-05-10 16:15:00'), 'next_start': Timestamp('2025-05-10 16:30:00'), 'buffer_time': 15.0}, {'from_property': 78139, 'to_property': 64938, 'travel_time': 15.161631066757538, 'tour_causing_travel': 4, 'prev_end': Timestamp('2025-05-10 19:00:00'), 'next_start': Timestamp('2025-05-10 19:00:00'), 'buffer_time': 0.0}]",64938.0
0650940d-f99a-48ba-b4f6-cca2a5127b86,2025-05-12,7,7,0,1,15.460035594910849,"[{'from_property': 64938, 'to_property': 64932, 'travel_time': 15.460035594910849, 'tour_causing_travel': 1, 'prev_end': Timestamp('2025-05-12 16:00:00'), 'next_start': Timestamp('2025-05-12 17:00:00'), 'buffer_time': 60.0}]",64932.0
0650940d-f99a-48ba-b4f6-cca2a5127b86,2025-05-13,5,5,0,4,20.0,"[{'from_property': 64932, 'to_property': 64933, 'travel_time': 5.0, 'tour_causing_travel': 1, 'prev_end': Timestamp('2025-05-13 14:00:00'), 'next_start': Timestamp('2025-05-13 14:00:00'), 'buffer_time': 0.0}, {'from_property': 64933, 'to_property': 100490, 'travel_time': 5.0, 'tour_causing_travel': 2, 'prev_end': Timestamp('2025-05-13 15:00:00'), 'next_start': Timestamp('2025-05-13 14:00:00'), 'buffer_time': -60.0}, {'from_property': 100490, 'to_property': 64935, 'travel_time': 5.0, 'tour_causing_travel': 3, 'prev_end': Timestamp('2025-05-13 14:45:00'), 'next_start': Timestamp('2025-05-13 15:30:00'), 'buffer_time': 45.0}, {'from_property': 64935, 'to_property': 64943, 'travel_time': 5.0, 'tour_causing_travel': 4, 'prev_end': Timestamp('2025-05-13 16:30:00'), 'next_start': Timestamp('2025-05-13 18:30:00'), 'buffer_time': 120.0}]",64943.0
0650940d-f99a-48ba-b4f6-cca2a5127b86,2025-05-14,5,5,0,4,20.65538278169761,"[{'from_property': 100490, 'to_property': 64937, 'travel_time': 5.334875958546577, 'tour_causing_travel': 1, 'prev_end': Timestamp('2025-05-14 14:30:00'), 'next_start': Timestamp('2025-05-14 15:00:00'), 'buffer_time': 30.0}, {'from_property': 64937, 'to_property': 64934, 'travel_time': 5.3205068231510335, 'tour_causing_travel': 2, 'prev_end': Timestamp('2025-05-14 16:00:00'), 'next_start': Timestamp('2025-05-14 16:30:00'), 'buffer_time': 30.0}, {'from_property': 64934, 'to_property': 64943, 'travel_time': 5.0, 'tour_causing_travel': 3, 'prev_end': Timestamp('2025-05-14 17:30:00'), 'next_start': Timestamp('2025-05-14 18:00:00'), 'buffer_time': 30.0}, {'from_property': 64943, 'to_property': 100490, 'travel_time': 5.0, 'tour_causing_travel': 4, 'prev_end': Timestamp('2025-05-14 19:00:00'), 'next_start': Timestamp('2025-05-14 19:00:00'), 'buffer_time': 0.0}]",100490.0
0650940d-f99a-48ba-b4f6-cca2a5127b86,2025-05-15,3,3,0,1,5.5484525975755,"[{'from_property': 64937, 'to_property': 64943, 'travel_time': 5.5484525975755, 'tour_causing_travel': 2, 'prev_end': Timestamp('2025-05-15 17:00:00'), 'next_start': Timestamp('2025-05-15 17:00:00'), 'buffer_time': 0.0}]",64943.0
0650940d-f99a-48ba-b4f6-cca2a5127b86,2025-05-16,3,3,0,2,10.0,"[{'from_property': 64943, 'to_property': 64933, 'travel_time': 5.0, 'tour_causing_travel': 1, 'prev_end': Timestamp('2025-05-16 17:30:00'), 'next_start': Timestamp('2025-05-16 18:00:00'), 'buffer_time': 30.0}, {'from_property': 64933, 'to_property': 64932, 'travel_time': 5.0, 'tour_causing_travel': 2, 'prev_end': Timestamp('2025-05-16 19:30:00'), 'next_start': Timestamp('2025-05-16 19:30:00'), 'buffer_time': 0.0}]",64932.0
0650940d-f99a-48ba-b4f6-cca2a5127b86,2025-05-17,4,4,0,3,15.0,"[{'from_property': 64935, 'to_property': 64933, 'travel_time': 5.0, 'tour_causing_travel': 1, 'prev_end': Timestamp('2025-05-17 15:45:00'), 'next_start': Timestamp('2025-05-17 16:00:00'), 'buffer_time': 15.0}, {'from_property': 64933, 'to_property': 64934, 'travel_time': 5.0, 'tour_causing_travel': 2, 'prev_end': Timestamp('2025-05-17 17:00:00'), 'next_start': Timestamp('2025-05-17 17:00:00'), 'buffer_time': 0.0}, {'from_property': 64934, 'to_property': 64933, 'travel_time': 5.0, 'tour_causing_travel': 3, 'prev_end': Timestamp('2025-05-17 18:45:00'), 'next_start': Timestamp('2025-05-17 18:30:00'), 'buffer_time': -15.0}]",64933.0
0650940d-f99a-48ba-b4f6-cca2a5127b86,2025-05-19,5,4,1,3,20.060825171548018,"[{'from_property': 100490, 'to_property': 64932, 'travel_time': 7.3366787519848105, 'tour_causing_travel': 1, 'prev_end': Timestamp('2025-05-19 15:45:00'), 'next_start': Timestamp('2025-05-19 16:00:00'), 'buffer_time': 15.0}, {'from_property': 64932, 'to_property': 64937, 'travel_time': 7.108029371064788, 'tour_causing_travel': 2, 'prev_end': Timestamp('2025-05-19 17:00:00'), 'next_start': Timestamp('2025-05-19 17:00:00'), 'buffer_time': 0.0}, {'from_property': 64937, 'to_property': 64933, 'travel_time': 5.616117048498422, 'tour_causing_travel': 4, 'prev_end': Timestamp('2025-05-19 19:30:00'), 'next_start': Timestamp('2025-05-19 19:30:00'), 'buffer_time': 0.0}]",64933.0
0650940d-f99a-48ba-b4f6-cca2a5127b86,2025-05-20,7,7,0,3,22.114836719661575,"[{'from_property': 64932, 'to_property': 84770, 'travel_time': 7.503403674298393, 'tour_causing_travel': 1, 'prev_end': Timestamp('2025-05-20 15:30:00'), 'next_start': Timestamp('2025-05-20 15:30:00'), 'buffer_time': 0.0}, {'from_property': 84770, 'to_property': 64932, 'travel_time': 7.503403674298393, 'tour_causing_travel': 3, 'prev_end': Timestamp('2025-05-20 18:00:00'), 'next_start': Timestamp('2025-05-20 18:00:00'), 'buffer_time': 0.0}, {'from_property': 64932, 'to_property': 64937, 'travel_time': 7.108029371064788, 'tour_causing_travel': 5, 'prev_end': Timestamp('2025-05-20 19:00:00'), 'next_start': Timestamp('2025-05-20 19:00:00'), 'buffer_time': 0.0}]",64937.0
0650940d-f99a-48ba-b4f6-cca2a5127b86,2025-05-21,4,3,1,2,12.50673165292307,"[{'from_property': 64943, 'to_property': 78139, 'travel_time': 5.0, 'tour_causing_travel': 1, 'prev_end': Timestamp('2025-05-21 16:00:00'), 'next_start': Timestamp('2025-05-21 17:00:00'), 'buffer_time': 60.0}, {'from_property': 78139, 'to_property': 64940, 'travel_time': 7.5067316529230705, 'tour_causing_travel': 2, 'prev_end': Timestamp('2025-05-21 18:00:00'), 'next_start': Timestamp('2025-05-21 18:00:00'), 'buffer_time': 0.0}]",64940.0
0650940d-f99a-48ba-b4f6-cca2a5127b86,2025-05-27,1,1,0,0,0.0,[],64932.0
0650940d-f99a-48ba-b4f6-cca2a5127b86,2025-05-28,3,3,0,2,10.0,"[{'from_property': 64934, 'to_property': 84770, 'travel_time': 5.0, 'tour_causing_travel': 1, 'prev_end': Timestamp('2025-05-28 19:45:00'), 'next_start': Timestamp('2025-05-28 21:00:00'), 'buffer_time': 75.0}, {'from_property': 84770, 'to_property': 100490, 'travel_time': 5.0, 'tour_causing_travel': 2, 'prev_end': Timestamp('2025-05-28 22:00:00'), 'next_start': Timestamp('2025-05-28 21:00:00'), 'buffer_time': -60.0}]",100490.0
0c398d8d-c79b-4ca6-831b-2727b7b41600,2025-05-01,6,6,0,3,18.807324011154893,"[{'from_property': 100490, 'to_property': 64937, 'travel_time': 5.334875958546577, 'tour_causing_travel': 1, 'prev_end': Timestamp('2025-05-01 13:45:00'), 'next_start': Timestamp('2025-05-01 16:00:00'), 'buffer_time': 135.0}, {'from_property': 64937, 'to_property': 64939, 'travel_time': 5.534647924625943, 'tour_causing_travel': 2, 'prev_end': Timestamp('2025-05-01 17:00:00'), 'next_start': Timestamp('2025-05-01 17:00:00'), 'buffer_time': 0.0}, {'from_property': 64939, 'to_property': 64932, 'travel_time': 7.937800127982374, 'tour_causing_travel': 3, 'prev_end': Timestamp('2025-05-01 18:15:00'), 'next_start': Timestamp('2025-05-01 19:00:00'), 'buffer_time': 45.0}]",64932.0
0c398d8d-c79b-4ca6-831b-2727b7b41600,2025-05-02,3,3,0,2,10.0,"[{'from_property': 64936, 'to_property': 64933, 'travel_time': 5.0, 'tour_causing_travel': 1, 'prev_end': Timestamp('2025-05-02 14:45:00'), 'next_start': Timestamp('2025-05-02 16:00:00'), 'buffer_time': 75.0}, {'from_property': 64933, 'to_property': 64934, 'travel_time': 5.0, 'tour_causing_travel': 2, 'prev_end': Timestamp('2025-05-02 17:45:00'), 'next_start': Timestamp('2025-05-02 18:00:00'), 'buffer_time': 15.0}]",64934.0
0c398d8d-c79b-4ca6-831b-2727b7b41600,2025-05-03,4,4,0,2,10.0,"[{'from_property': 64933, 'to_property': 84770, 'travel_time': 5.0, 'tour_causing_travel': 1, 'prev_end': Timestamp('2025-05-03 15:45:00'), 'next_start': Timestamp('2025-05-03 14:00:00'), 'buffer_time': -105.0}, {'from_property': 84770, 'to_property': 64935, 'travel_time': 5.0, 'tour_causing_travel': 2, 'prev_end': Timestamp('2025-05-03 14:45:00'), 'next_start': Timestamp('2025-05-03 15:30:00'), 'buffer_time': 45.0}]",64935.0
0c398d8d-c79b-4ca6-831b-2727b7b41600,2025-05-05,6,5,1,2,30.224487483020283,"[{'from_property': 64933, 'to_property': 64938, 'travel_time': 14.764451888109434, 'tour_causing_travel': 2, 'prev_end': Timestamp('2025-05-05 16:00:00'), 'next_start': Timestamp('2025-05-05 17:00:00'), 'buffer_time': 60.0}, {'from_property': 64938, 'to_property': 64932, 'travel_time': 15.460035594910849, 'tour_causing_travel': 3, 'prev_end': Timestamp('2025-05-05 18:45:00'), 'next_start': Timestamp('2025-05-05 19:00:00'), 'buffer_time': 15.0}]",64932.0
0c398d8d-c79b-4ca6-831b-2727b7b41600,2025-05-06,3,3,0,2,12.266461084650917,"[{'from_property': 64941, 'to_property': 64937, 'travel_time': 5.431452555874965, 'tour_causing_travel': 1, 'prev_end': Timestamp('2025-05-06 14:30:00'), 'next_start': Timestamp('2025-05-06 15:00:00'), 'buffer_time': 30.0}, {'from_property': 64937, 'to_property': 151243, 'travel_time': 6.835008528775953, 'tour_causing_travel': 2, 'prev_end': Timestamp('2025-05-06 16:00:00'), 'next_start': Timestamp('2025-05-06 17:00:00'), 'buffer_time': 60.0}]",151243.0
0c398d8d-c79b-4ca6-831b-2727b7b41600,2025-05-08,5,4,1,2,12.642677295690731,"[{'from_property': 64939, 'to_property': 64937, 'travel_time': 5.534647924625943, 'tour_causing_travel': 1, 'prev_end': Timestamp('2025-05-08 16:15:00'), 'next_start': Timestamp('2025-05-08 16:30:00'), 'buffer_time': 15.0}, {'from_property': 64937, 'to_property': 64932, 'travel_time': 7.108029371064788, 'tour_causing_travel': 3, 'prev_end': Timestamp('2025-05-08 19:15:00'), 'next_start': Timestamp('2025-05-08 20:00:00'), 'buffer_time': 45.0}]",64932.0
0c398d8d-c79b-4ca6-831b-2727b7b41600,2025-05-09,3,3,0,2,16.7913105484186,"[{'from_property': 64938, 'to_property': 64937, 'travel_time': 11.175193499920177, 'tour_causing_travel': 1, 'prev_end': Timestamp('2025-05-09 16:45:00'), 'next_start': Timestamp('2025-05-09 17:00:00'), 'buffer_time': 15.0}, {'from_property': 64937, 'to_property': 64933, 'travel_time': 5.616117048498422, 'tour_causing_travel': 2, 'prev_end': Timestamp('2025-05-09 18:00:00'), 'next_start': Timestamp('2025-05-09 18:00:00'), 'buffer_time': 0.0}]",64933.0
0c398d8d-c79b-4ca6-831b-2727b7b41600,2025-05-12,4,3,1,0,0.0,[],64938.0
0c398d8d-c79b-4ca6-831b-2727b7b41600,2025-05-13,1,1,0,0,0.0,[],64937.0
0c398d8d-c79b-4ca6-831b-2727b7b41600,2025-05-14,7,7,0,5,52.4603519645394,"[{'from_property': 64934, 'to_property': 64938, 'travel_time': 14.490105346733376, 'tour_causing_travel': 1, 'prev_end': Timestamp('2025-05-14 14:00:00'), 'next_start': Timestamp('2025-05-14 15:00:00'), 'buffer_time': 60.0}, {'from_property': 64938, 'to_property': 64932, 'travel_time': 15.460035594910849, 'tour_causing_travel': 2, 'prev_end': Timestamp('2025-05-14 16:15:00'), 'next_start': Timestamp('2025-05-14 16:30:00'), 'buffer_time': 15.0}, {'from_property': 64932, 'to_property': 84770, 'travel_time': 7.503403674298393, 'tour_causing_travel': 3, 'prev_end': Timestamp('2025-05-14 17:30:00'), 'next_start': Timestamp('2025-05-14 18:00:00'), 'buffer_time': 30.0}, {'from_property': 84770, 'to_property': 64932, 'travel_time': 7.503403674298393, 'tour_causing_travel': 4, 'prev_end': Timestamp('2025-05-14 18:45:00'), 'next_start': Timestamp('2025-05-14 19:00:00'), 'buffer_time': 15.0}, {'from_property': 64932, 'to_property': 84770, 'travel_time': 7.503403674298393, 'tour_causing_travel': 6, 'prev_end': Timestamp('2025-05-14 21:00:00'), 'next_start': Timestamp('2025-05-14 21:00:00'), 'buffer_time': 0.0}]",84770.0
0c398d8d-c79b-4ca6-831b-2727b7b41600,2025-05-15,6,5,1,4,20.036567575001023,"[{'from_property': 64943, 'to_property': 64935, 'travel_time': 5.0, 'tour_causing_travel': 1, 'prev_end': Timestamp('2025-05-15 14:30:00'), 'next_start': Timestamp('2025-05-15 15:00:00'), 'buffer_time': 30.0}, {'from_property': 64935, 'to_property': 100490, 'travel_time': 5.0, 'tour_causing_travel': 2, 'prev_end': Timestamp('2025-05-15 16:00:00'), 'next_start': Timestamp('2025-05-15 17:00:00'), 'buffer_time': 60.0}, {'from_property': 100490, 'to_property': 64935, 'travel_time': 5.0, 'tour_causing_travel': 3, 'prev_end': Timestamp('2025-05-15 18:00:00'), 'next_start': Timestamp('2025-05-15 18:00:00'), 'buffer_time': 0.0}, {'from_property': 64935, 'to_property': 64932, 'travel_time': 5.036567575001021, 'tour_causing_travel': 5, 'prev_end': Timestamp('2025-05-15 20:01:00'), 'next_start': Timestamp('2025-05-15 20:30:00'), 'buffer_time': 29.0}]",64932.0
0c398d8d-c79b-4ca6-831b-2727b7b41600,2025-05-16,2,1,1,0,0.0,[],64934.0
0c398d8d-c79b-4ca6-831b-2727b7b41600,2025-05-17,2,2,0,1,5.0,"[{'from_property': 64934, 'to_property': 64933, 'travel_time': 5.0, 'tour_causing_travel': 1, 'prev_end': Timestamp('2025-05-17 16:45:00'), 'next_start': Timestamp('2025-05-17 16:30:00'), 'buffer_time': -15.0}]",64933.0
0c398d8d-c79b-4ca6-831b-2727b7b41600,2025-05-19,4,3,1,2,25.93964538802961,"[{'from_property': 64933, 'to_property': 64938, 'travel_time': 14.764451888109434, 'tour_causing_travel': 1, 'prev_end': Timestamp('2025-05-19 17:30:00'), 'next_start': Timestamp('2025-05-19 18:00:00'), 'buffer_time': 30.0}, {'from_property': 64938, 'to_property': 64937, 'travel_time': 11.175193499920177, 'tour_causing_travel': 3, 'prev_end': Timestamp('2025-05-19 20:31:00'), 'next_start': Timestamp('2025-05-19 21:00:00'), 'buffer_time': 29.0}]",64937.0
0c398d8d-c79b-4ca6-831b-2727b7b41600,2025-05-20,5,3,2,2,13.152366758149611,"[{'from_property': 64942, 'to_property': 64934, 'travel_time': 5.164938606490889, 'tour_causing_travel': 1, 'prev_end': Timestamp('2025-05-20 14:15:00'), 'next_start': Timestamp('2025-05-20 14:00:00'), 'buffer_time': -15.0}, {'from_property': 64934, 'to_property': 64939, 'travel_time': 7.9874281516587216, 'tour_causing_travel': 2, 'prev_end': Timestamp('2025-05-20 16:00:00'), 'next_start': Timestamp('2025-05-20 18:00:00'), 'buffer_time': 120.0}]",64939.0
0c398d8d-c79b-4ca6-831b-2727b7b41600,2025-05-21,5,5,0,4,22.095139208746772,"[{'from_property': 64933, 'to_property': 64937, 'travel_time': 5.616117048498422, 'tour_causing_travel': 1, 'prev_end': Timestamp('2025-05-21 15:45:00'), 'next_start': Timestamp('2025-05-21 16:00:00'), 'buffer_time': 15.0}, {'from_property': 64937, 'to_property': 64941, 'travel_time': 5.431452555874965, 'tour_causing_travel': 2, 'prev_end': Timestamp('2025-05-21 17:00:00'), 'next_start': Timestamp('2025-05-21 16:00:00'), 'buffer_time': -60.0}, {'from_property': 64941, 'to_property': 64937, 'travel_time': 5.431452555874965, 'tour_causing_travel': 3, 'prev_end': Timestamp('2025-05-21 17:00:00'), 'next_start': Timestamp('2025-05-21 19:30:00'), 'buffer_time': 150.0}, {'from_property': 64937, 'to_property': 64933, 'travel_time': 5.616117048498422, 'tour_causing_travel': 4, 'prev_end': Timestamp('2025-05-21 20:30:00'), 'next_start': Timestamp('2025-05-21 20:30:00'), 'buffer_time': 0.0}]",64933.0
0c398d8d-c79b-4ca6-831b-2727b7b41600,2025-05-22,5,5,0,3,19.851905039728603,"[{'from_property': 64940, 'to_property': 64937, 'travel_time': 5.635846297599026, 'tour_causing_travel': 1, 'prev_end': Timestamp('2025-05-22 14:15:00'), 'next_start': Timestamp('2025-05-22 15:00:00'), 'buffer_time': 45.0}, {'from_property': 64937, 'to_property': 64932, 'travel_time': 7.108029371064788, 'tour_causing_travel': 3, 'prev_end': Timestamp('2025-05-22 17:00:00'), 'next_start': Timestamp('2025-05-22 18:00:00'), 'buffer_time': 60.0}, {'from_property': 64932, 'to_property': 64937, 'travel_time': 7.108029371064788, 'tour_causing_travel': 4, 'prev_end': Timestamp('2025-05-22 19:00:00'), 'next_start': Timestamp('2025-05-22 20:00:00'), 'buffer_time': 60.0}]",64937.0
0c398d8d-c79b-4ca6-831b-2727b7b41600,2025-05-27,1,1,0,0,0.0,[],64932.0
0c398d8d-c79b-4ca6-831b-2727b7b41600,2025-05-28,2,2,0,1,7.503403674298393,"[{'from_property': 84770, 'to_property': 64932, 'travel_time': 7.503403674298393, 'tour_causing_travel': 1, 'prev_end': Timestamp('2025-05-28 17:00:00'), 'next_start': Timestamp('2025-05-28 17:00:00'), 'buffer_time': 0.0}]",64932.0
0c398d8d-c79b-4ca6-831b-2727b7b41600,2025-05-29,1,1,0,0,0.0,[],64943.0
15683175-1be2-4152-919c-5fe89f7a6a8a,2025-05-01,1,1,0,0,0.0,[],64934.0
15683175-1be2-4152-919c-5fe89f7a6a8a,2025-05-09,1,1,0,0,0.0,[],64933.0
15683175-1be2-4152-919c-5fe89f7a6a8a,2025-05-16,1,1,0,0,0.0,[],64934.0
15683175-1be2-4152-919c-5fe89f7a6a8a,2025-05-17,1,0,1,0,0.0,[],
15683175-1be2-4152-919c-5fe89f7a6a8a,2025-05-23,2,2,0,0,0.0,[],64935.0
15683175-1be2-4152-919c-5fe89f7a6a8a,2025-05-24,1,1,0,0,0.0,[],64933.0
15683175-1be2-4152-919c-5fe89f7a6a8a,2025-05-30,1,1,0,0,0.0,[],64935.0
15683175-1be2-4152-919c-5fe89f7a6a8a,2025-05-31,2,2,0,0,0.0,[],64933.0
1f158974-a996-45f7-b804-b738faff9c16,2025-05-13,1,1,0,0,0.0,[],64932.0
1f158974-a996-45f7-b804-b738faff9c16,2025-05-14,1,1,0,0,0.0,[],84770.0
25ffdb26-bfbc-43cf-b400-0223decaa038,2025-05-01,4,4,0,1,15.460035594910849,"[{'from_property': 64932, 'to_property': 64938, 'travel_time': 15.460035594910849, 'tour_causing_travel': 1, 'prev_end': Timestamp('2025-05-01 14:00:00'), 'next_start': Timestamp('2025-05-01 15:15:00'), 'buffer_time': 75.0}]",64938.0
25ffdb26-bfbc-43cf-b400-0223decaa038,2025-05-02,3,3,0,2,10.0,"[{'from_property': 64933, 'to_property': 64935, 'travel_time': 5.0, 'tour_causing_travel': 1, 'prev_end': Timestamp('2025-05-02 16:15:00'), 'next_start': Timestamp('2025-05-02 16:30:00'), 'buffer_time': 15.0}, {'from_property': 64935, 'to_property': 64933, 'travel_time': 5.0, 'tour_causing_travel': 2, 'prev_end': Timestamp('2025-05-02 18:15:00'), 'next_start': Timestamp('2025-05-02 20:00:00'), 'buffer_time': 105.0}]",64933.0
25ffdb26-bfbc-43cf-b400-0223decaa038,2025-05-03,3,1,2,0,0.0,[],64933.0
25ffdb26-bfbc-43cf-b400-0223decaa038,2025-05-05,4,3,1,2,12.213499938634374,"[{'from_property': 100490, 'to_property': 78139, 'travel_time': 7.185725773873661, 'tour_causing_travel': 2, 'prev_end': Timestamp('2025-05-05 17:15:00'), 'next_start': Timestamp('2025-05-05 18:00:00'), 'buffer_time': 45.0}, {'from_property': 78139, 'to_property': 64934, 'travel_time': 5.027774164760714, 'tour_causing_travel': 3, 'prev_end': Timestamp('2025-05-05 19:15:00'), 'next_start': Timestamp('2025-05-05 20:00:00'), 'buffer_time': 45.0}]",64934.0
25ffdb26-bfbc-43cf-b400-0223decaa038,2025-05-06,2,2,0,1,8.125460914478888,"[{'from_property': 64935, 'to_property': 64940, 'travel_time': 8.125460914478888, 'tour_causing_travel': 1, 'prev_end': Timestamp('2025-05-06 18:15:00'), 'next_start': Timestamp('2025-05-06 20:15:00'), 'buffer_time': 120.0}]",64940.0
25ffdb26-bfbc-43cf-b400-0223decaa038,2025-05-07,4,4,0,3,36.85450478120309,"[{'from_property': 64932, 'to_property': 64938, 'travel_time': 15.460035594910849, 'tour_causing_travel': 1, 'prev_end': Timestamp('2025-05-07 16:00:00'), 'next_start': Timestamp('2025-05-07 16:30:00'), 'buffer_time': 30.0}, {'from_property': 64938, 'to_property': 84770, 'travel_time': 13.891065511993851, 'tour_causing_travel': 2, 'prev_end': Timestamp('2025-05-07 17:45:00'), 'next_start': Timestamp('2025-05-07 18:00:00'), 'buffer_time': 15.0}, {'from_property': 84770, 'to_property': 64932, 'travel_time': 7.503403674298393, 'tour_causing_travel': 3, 'prev_end': Timestamp('2025-05-07 18:45:00'), 'next_start': Timestamp('2025-05-07 19:00:00'), 'buffer_time': 15.0}]",64932.0
25ffdb26-bfbc-43cf-b400-0223decaa038,2025-05-08,5,5,0,4,30.726128200596328,"[{'from_property': 64938, 'to_property': 64937, 'travel_time': 11.175193499920177, 'tour_causing_travel': 1, 'prev_end': Timestamp('2025-05-08 15:45:00'), 'next_start': Timestamp('2025-05-08 17:00:00'), 'buffer_time': 75.0}, {'from_property': 64937, 'to_property': 64932, 'travel_time': 7.108029371064788, 'tour_causing_travel': 2, 'prev_end': Timestamp('2025-05-08 18:00:00'), 'next_start': Timestamp('2025-05-08 18:00:00'), 'buffer_time': 0.0}, {'from_property': 64932, 'to_property': 64937, 'travel_time': 7.108029371064788, 'tour_causing_travel': 3, 'prev_end': Timestamp('2025-05-08 19:00:00'), 'next_start': Timestamp('2025-05-08 19:30:00'), 'buffer_time': 30.0}, {'from_property': 64937, 'to_property': 100490, 'travel_time': 5.334875958546577, 'tour_causing_travel': 4, 'prev_end': Timestamp('2025-05-08 20:30:00'), 'next_start': Timestamp('2025-05-08 20:30:00'), 'buffer_time': 0.0}]",100490.0
25ffdb26-bfbc-43cf-b400-0223decaa038,2025-05-11,1,1,0,0,0.0,[],64939.0
25ffdb26-bfbc-43cf-b400-0223decaa038,2025-05-12,4,4,0,2,13.10757243742513,"[{'from_property': 64939, 'to_property': 64933, 'travel_time': 8.10757243742513, 'tour_causing_travel': 2, 'prev_end': Timestamp('2025-05-12 19:15:00'), 'next_start': Timestamp('2025-05-12 19:30:00'), 'buffer_time': 15.0}, {'from_property': 64933, 'to_property': 84770, 'travel_time': 5.0, 'tour_causing_travel': 3, 'prev_end': Timestamp('2025-05-12 20:30:00'), 'next_start': Timestamp('2025-05-12 21:00:00'), 'buffer_time': 30.0}]",84770.0
25ffdb26-bfbc-43cf-b400-0223decaa038,2025-05-14,5,5,0,3,32.725815087723205,"[{'from_property': 100490, 'to_property': 64938, 'travel_time': 14.077461108082106, 'tour_causing_travel': 1, 'prev_end': Timestamp('2025-05-14 14:00:00'), 'next_start': Timestamp('2025-05-14 14:00:00'), 'buffer_time': 0.0}, {'from_property': 64938, 'to_property': 64941, 'travel_time': 10.057882056824853, 'tour_causing_travel': 3, 'prev_end': Timestamp('2025-05-14 17:15:00'), 'next_start': Timestamp('2025-05-14 17:30:00'), 'buffer_time': 15.0}, {'from_property': 64941, 'to_property': 100490, 'travel_time': 8.590471922816246, 'tour_causing_travel': 4, 'prev_end': Timestamp('2025-05-14 18:45:00'), 'next_start': Timestamp('2025-05-14 19:30:00'), 'buffer_time': 45.0}]",100490.0
25ffdb26-bfbc-43cf-b400-0223decaa038,2025-05-15,8,8,0,7,57.42677735430102,"[{'from_property': 64938, 'to_property': 64932, 'travel_time': 15.460035594910849, 'tour_causing_travel': 1, 'prev_end': Timestamp('2025-05-15 14:30:00'), 'next_start': Timestamp('2025-05-15 14:30:00'), 'buffer_time': 0.0}, {'from_property': 64932, 'to_property': 64937, 'travel_time': 7.108029371064788, 'tour_causing_travel': 2, 'prev_end': Timestamp('2025-05-15 15:30:00'), 'next_start': Timestamp('2025-05-15 15:30:00'), 'buffer_time': 0.0}, {'from_property': 64937, 'to_property': 64932, 'travel_time': 7.108029371064788, 'tour_causing_travel': 3, 'prev_end': Timestamp('2025-05-15 16:30:00'), 'next_start': Timestamp('2025-05-15 16:30:00'), 'buffer_time': 0.0}, {'from_property': 64932, 'to_property': 84770, 'travel_time': 7.503403674298393, 'tour_causing_travel': 4, 'prev_end': Timestamp('2025-05-15 17:30:00'), 'next_start': Timestamp('2025-05-15 17:30:00'), 'buffer_time': 0.0}, {'from_property': 84770, 'to_property': 64932, 'travel_time': 7.503403674298393, 'tour_causing_travel': 5, 'prev_end': Timestamp('2025-05-15 18:30:00'), 'next_start': Timestamp('2025-05-15 18:30:00'), 'buffer_time': 0.0}, {'from_property': 64932, 'to_property': 64937, 'travel_time': 7.108029371064788, 'tour_causing_travel': 6, 'prev_end': Timestamp('2025-05-15 19:30:00'), 'next_start': Timestamp('2025-05-15 19:30:00'), 'buffer_time': 0.0}, {'from_property': 64937, 'to_property': 64940, 'travel_time': 5.635846297599026, 'tour_causing_travel': 7, 'prev_end': Timestamp('2025-05-15 20:30:00'), 'next_start': Timestamp('2025-05-15 20:30:00'), 'buffer_time': 0.0}]",64940.0
25ffdb26-bfbc-43cf-b400-0223decaa038,2025-05-16,8,7,1,3,19.779584081596177,"[{'from_property': 64932, 'to_property': 100490, 'travel_time': 7.3366787519848105, 'tour_causing_travel': 3, 'prev_end': Timestamp('2025-05-16 17:00:00'), 'next_start': Timestamp('2025-05-16 17:00:00'), 'buffer_time': 0.0}, {'from_property': 100490, 'to_property': 64937, 'travel_time': 5.334875958546577, 'tour_causing_travel': 5, 'prev_end': Timestamp('2025-05-16 18:15:00'), 'next_start': Timestamp('2025-05-16 18:00:00'), 'buffer_time': -15.0}, {'from_property': 64937, 'to_property': 64932, 'travel_time': 7.108029371064788, 'tour_causing_travel': 6, 'prev_end': Timestamp('2025-05-16 19:00:00'), 'next_start': Timestamp('2025-05-16 19:00:00'), 'buffer_time': 0.0}]",64932.0
25ffdb26-bfbc-43cf-b400-0223decaa038,2025-05-17,8,8,0,3,21.552737494114385,"[{'from_property': 100490, 'to_property': 64932, 'travel_time': 7.3366787519848105, 'tour_causing_travel': 2, 'prev_end': Timestamp('2025-05-17 15:45:00'), 'next_start': Timestamp('2025-05-17 16:00:00'), 'buffer_time': 15.0}, {'from_property': 64932, 'to_property': 64937, 'travel_time': 7.108029371064788, 'tour_causing_travel': 3, 'prev_end': Timestamp('2025-05-17 17:00:00'), 'next_start': Timestamp('2025-05-17 17:00:00'), 'buffer_time': 0.0}, {'from_property': 64937, 'to_property': 64932, 'travel_time': 7.108029371064788, 'tour_causing_travel': 5, 'prev_end': Timestamp('2025-05-17 19:00:00'), 'next_start': Timestamp('2025-05-17 19:00:00'), 'buffer_time': 0.0}]",64932.0
25ffdb26-bfbc-43cf-b400-0223decaa038,2025-05-19,5,5,0,4,25.227550093861602,"[{'from_property': 64932, 'to_property': 84770, 'travel_time': 7.503403674298393, 'tour_causing_travel': 1, 'prev_end': Timestamp('2025-05-19 16:00:00'), 'next_start': Timestamp('2025-05-19 16:00:00'), 'buffer_time': 0.0}, {'from_property': 84770, 'to_property': 64933, 'travel_time': 5.0, 'tour_causing_travel': 2, 'prev_end': Timestamp('2025-05-19 16:45:00'), 'next_start': Timestamp('2025-05-19 17:00:00'), 'buffer_time': 15.0}, {'from_property': 64933, 'to_property': 64937, 'travel_time': 5.616117048498422, 'tour_causing_travel': 3, 'prev_end': Timestamp('2025-05-19 18:45:00'), 'next_start': Timestamp('2025-05-19 20:00:00'), 'buffer_time': 75.0}, {'from_property': 64937, 'to_property': 64932, 'travel_time': 7.108029371064788, 'tour_causing_travel': 4, 'prev_end': Timestamp('2025-05-19 21:00:00'), 'next_start': Timestamp('2025-05-19 21:00:00'), 'buffer_time': 0.0}]",64932.0
25ffdb26-bfbc-43cf-b400-0223decaa038,2025-05-21,3,3,0,1,14.764451888109434,"[{'from_property': 64938, 'to_property': 64933, 'travel_time': 14.764451888109434, 'tour_causing_travel': 1, 'prev_end': Timestamp('2025-05-21 16:45:00'), 'next_start': Timestamp('2025-05-21 17:00:00'), 'buffer_time': 15.0}]",64933.0
25ffdb26-bfbc-43cf-b400-0223decaa038,2025-05-22,4,3,1,2,17.387735217427494,"[{'from_property': 78139, 'to_property': 64940, 'travel_time': 7.5067316529230705, 'tour_causing_travel': 2, 'prev_end': Timestamp('2025-05-22 17:15:00'), 'next_start': Timestamp('2025-05-22 19:00:00'), 'buffer_time': 105.0}, {'from_property': 64940, 'to_property': 64938, 'travel_time': 9.881003564504423, 'tour_causing_travel': 3, 'prev_end': Timestamp('2025-05-22 20:15:00'), 'next_start': Timestamp('2025-05-22 20:30:00'), 'buffer_time': 15.0}]",64938.0
25ffdb26-bfbc-43cf-b400-0223decaa038,2025-05-23,5,5,0,3,45.484893200272616,"[{'from_property': 78139, 'to_property': 64938, 'travel_time': 15.161631066757538, 'tour_causing_travel': 2, 'prev_end': Timestamp('2025-05-23 15:45:00'), 'next_start': Timestamp('2025-05-23 16:30:00'), 'buffer_time': 45.0}, {'from_property': 64938, 'to_property': 78139, 'travel_time': 15.161631066757538, 'tour_causing_travel': 3, 'prev_end': Timestamp('2025-05-23 17:45:00'), 'next_start': Timestamp('2025-05-23 17:45:00'), 'buffer_time': 0.0}, {'from_property': 78139, 'to_property': 64938, 'travel_time': 15.161631066757538, 'tour_causing_travel': 4, 'prev_end': Timestamp('2025-05-23 18:45:00'), 'next_start': Timestamp('2025-05-23 19:30:00'), 'buffer_time': 45.0}]",64938.0
25ffdb26-bfbc-43cf-b400-0223decaa038,2025-05-24,3,3,0,1,9.677883240745704,"[{'from_property': 64939, 'to_property': 64938, 'travel_time': 9.677883240745704, 'tour_causing_travel': 1, 'prev_end': Timestamp('2025-05-24 16:15:00'), 'next_start': Timestamp('2025-05-24 17:00:00'), 'buffer_time': 45.0}]",64938.0
25ffdb26-bfbc-43cf-b400-0223decaa038,2025-05-28,2,2,0,1,5.238917851353683,"[{'from_property': 84770, 'to_property': 64937, 'travel_time': 5.238917851353683, 'tour_causing_travel': 1, 'prev_end': Timestamp('2025-05-28 16:45:00'), 'next_start': Timestamp('2025-05-28 19:00:00'), 'buffer_time': 135.0}]",64937.0
25ffdb26-bfbc-43cf-b400-0223decaa038,2025-05-29,2,2,0,1,5.027774164760714,"[{'from_property': 64934, 'to_property': 78139, 'travel_time': 5.027774164760714, 'tour_causing_travel': 1, 'prev_end': Timestamp('2025-05-29 16:30:00'), 'next_start': Timestamp('2025-05-29 18:00:00'), 'buffer_time': 90.0}]",78139.0
28be1402-23e6-47a2-851b-24c30e4d1b3f,2025-05-01,3,3,0,0,0.0,[],64938.0
28be1402-23e6-47a2-851b-24c30e4d1b3f,2025-05-02,9,8,1,5,32.45113879212756,"[{'from_property': 64932, 'to_property': 100490, 'travel_time': 7.3366787519848105, 'tour_causing_travel': 2, 'prev_end': Timestamp('2025-05-02 15:30:00'), 'next_start': Timestamp('2025-05-02 15:30:00'), 'buffer_time': 0.0}, {'from_property': 100490, 'to_property': 64932, 'travel_time': 7.3366787519848105, 'tour_causing_travel': 3, 'prev_end': Timestamp('2025-05-02 16:30:00'), 'next_start': Timestamp('2025-05-02 16:30:00'), 'buffer_time': 0.0}, {'from_property': 64932, 'to_property': 64937, 'travel_time': 7.108029371064788, 'tour_causing_travel': 5, 'prev_end': Timestamp('2025-05-02 17:30:00'), 'next_start': Timestamp('2025-05-02 17:00:00'), 'buffer_time': -30.0}, {'from_property': 64937, 'to_property': 100490, 'travel_time': 5.334875958546577, 'tour_causing_travel': 6, 'prev_end': Timestamp('2025-05-02 18:00:00'), 'next_start': Timestamp('2025-05-02 19:00:00'), 'buffer_time': 60.0}, {'from_property': 100490, 'to_property': 64937, 'travel_time': 5.334875958546577, 'tour_causing_travel': 7, 'prev_end': Timestamp('2025-05-02 19:45:00'), 'next_start': Timestamp('2025-05-02 20:00:00'), 'buffer_time': 15.0}]",64937.0
28be1402-23e6-47a2-851b-24c30e4d1b3f,2025-05-03,3,3,0,2,23.95846467258653,"[{'from_property': 64940, 'to_property': 64938, 'travel_time': 9.881003564504423, 'tour_causing_travel': 1, 'prev_end': Timestamp('2025-05-03 17:00:00'), 'next_start': Timestamp('2025-05-03 17:00:00'), 'buffer_time': 0.0}, {'from_property': 64938, 'to_property': 100490, 'travel_time': 14.077461108082106, 'tour_causing_travel': 2, 'prev_end': Timestamp('2025-05-03 18:00:00'), 'next_start': Timestamp('2025-05-03 20:00:00'), 'buffer_time': 120.0}]",100490.0
28be1402-23e6-47a2-851b-24c30e4d1b3f,2025-05-05,2,2,0,0,0.0,[],64933.0
28be1402-23e6-47a2-851b-24c30e4d1b3f,2025-05-06,2,2,0,1,5.164938606490889,"[{'from_property': 64934, 'to_property': 64932, 'travel_time': 5.164938606490889, 'tour_causing_travel': 1, 'prev_end': Timestamp('2025-05-06 16:00:00'), 'next_start': Timestamp('2025-05-06 16:30:00'), 'buffer_time': 30.0}]",64932.0
28be1402-23e6-47a2-851b-24c30e4d1b3f,2025-05-08,2,2,0,1,14.764451888109434,"[{'from_property': 64938, 'to_property': 64933, 'travel_time': 14.764451888109434, 'tour_causing_travel': 1, 'prev_end': Timestamp('2025-05-08 14:45:00'), 'next_start': Timestamp('2025-05-08 20:45:00'), 'buffer_time': 360.0}]",64933.0
28be1402-23e6-47a2-851b-24c30e4d1b3f,2025-05-09,3,3,0,2,10.0,"[{'from_property': 64933, 'to_property': 64934, 'travel_time': 5.0, 'tour_causing_travel': 1, 'prev_end': Timestamp('2025-05-09 15:15:00'), 'next_start': Timestamp('2025-05-09 14:00:00'), 'buffer_time': -75.0}, {'from_property': 64934, 'to_property': 64935, 'travel_time': 5.0, 'tour_causing_travel': 2, 'prev_end': Timestamp('2025-05-09 15:00:00'), 'next_start': Timestamp('2025-05-09 17:00:00'), 'buffer_time': 120.0}]",64935.0
28be1402-23e6-47a2-851b-24c30e4d1b3f,2025-05-10,5,4,1,3,15.0,"[{'from_property': 64934, 'to_property': 64933, 'travel_time': 5.0, 'tour_causing_travel': 1, 'prev_end': Timestamp('2025-05-10 15:15:00'), 'next_start': Timestamp('2025-05-10 15:30:00'), 'buffer_time': 15.0}, {'from_property': 64933, 'to_property': 64934, 'travel_time': 5.0, 'tour_causing_travel': 2, 'prev_end': Timestamp('2025-05-10 16:45:00'), 'next_start': Timestamp('2025-05-10 17:00:00'), 'buffer_time': 15.0}, {'from_property': 64934, 'to_property': 64933, 'travel_time': 5.0, 'tour_causing_travel': 3, 'prev_end': Timestamp('2025-05-10 18:45:00'), 'next_start': Timestamp('2025-05-10 17:30:00'), 'buffer_time': -75.0}]",64933.0
28be1402-23e6-47a2-851b-24c30e4d1b3f,2025-05-12,4,4,0,3,30.05845217735356,"[{'from_property': 64939, 'to_property': 64938, 'travel_time': 9.677883240745704, 'tour_causing_travel': 1, 'prev_end': Timestamp('2025-05-12 16:45:00'), 'next_start': Timestamp('2025-05-12 17:30:00'), 'buffer_time': 45.0}, {'from_property': 64938, 'to_property': 64933, 'travel_time': 14.764451888109434, 'tour_causing_travel': 2, 'prev_end': Timestamp('2025-05-12 18:45:00'), 'next_start': Timestamp('2025-05-12 19:30:00'), 'buffer_time': 45.0}, {'from_property': 64933, 'to_property': 64937, 'travel_time': 5.616117048498422, 'tour_causing_travel': 3, 'prev_end': Timestamp('2025-05-12 20:30:00'), 'next_start': Timestamp('2025-05-12 20:30:00'), 'buffer_time': 0.0}]",64937.0
28be1402-23e6-47a2-851b-24c30e4d1b3f,2025-05-13,4,4,0,2,15.875600255964748,"[{'from_property': 64932, 'to_property': 64939, 'travel_time': 7.937800127982374, 'tour_causing_travel': 1, 'prev_end': Timestamp('2025-05-13 15:30:00'), 'next_start': Timestamp('2025-05-13 18:00:00'), 'buffer_time': 150.0}, {'from_property': 64939, 'to_property': 64932, 'travel_time': 7.937800127982374, 'tour_causing_travel': 2, 'prev_end': Timestamp('2025-05-13 19:00:00'), 'next_start': Timestamp('2025-05-13 19:30:00'), 'buffer_time': 30.0}]",64932.0
28be1402-23e6-47a2-851b-24c30e4d1b3f,2025-05-14,5,4,1,3,17.442905329611364,"[{'from_property': 64934, 'to_property': 100490, 'travel_time': 5.0, 'tour_causing_travel': 1, 'prev_end': Timestamp('2025-05-14 14:45:00'), 'next_start': Timestamp('2025-05-14 14:00:00'), 'buffer_time': -45.0}, {'from_property': 100490, 'to_property': 64937, 'travel_time': 5.334875958546577, 'tour_causing_travel': 3, 'prev_end': Timestamp('2025-05-14 18:00:00'), 'next_start': Timestamp('2025-05-14 19:00:00'), 'buffer_time': 60.0}, {'from_property': 64937, 'to_property': 64932, 'travel_time': 7.108029371064788, 'tour_causing_travel': 4, 'prev_end': Timestamp('2025-05-14 20:00:00'), 'next_start': Timestamp('2025-05-14 20:00:00'), 'buffer_time': 0.0}]",64932.0
28be1402-23e6-47a2-851b-24c30e4d1b3f,2025-05-16,2,2,0,1,5.027774164760714,"[{'from_property': 78139, 'to_property': 64934, 'travel_time': 5.027774164760714, 'tour_causing_travel': 1, 'prev_end': Timestamp('2025-05-16 19:00:00'), 'next_start': Timestamp('2025-05-16 20:00:00'), 'buffer_time': 60.0}]",64934.0
28be1402-23e6-47a2-851b-24c30e4d1b3f,2025-05-17,2,2,0,0,0.0,[],64938.0
28be1402-23e6-47a2-851b-24c30e4d1b3f,2025-05-18,1,1,0,0,0.0,[],64934.0
28be1402-23e6-47a2-851b-24c30e4d1b3f,2025-05-19,5,4,1,3,21.156275153543678,"[{'from_property': 64932, 'to_property': 64941, 'travel_time': 7.565803230727433, 'tour_causing_travel': 2, 'prev_end': Timestamp('2025-05-19 18:30:00'), 'next_start': Timestamp('2025-05-19 19:30:00'), 'buffer_time': 60.0}, {'from_property': 64941, 'to_property': 100490, 'travel_time': 8.590471922816246, 'tour_causing_travel': 3, 'prev_end': Timestamp('2025-05-19 20:45:00'), 'next_start': Timestamp('2025-05-19 21:00:00'), 'buffer_time': 15.0}, {'from_property': 100490, 'to_property': 64934, 'travel_time': 5.0, 'tour_causing_travel': 4, 'prev_end': Timestamp('2025-05-19 21:45:00'), 'next_start': Timestamp('2025-05-19 21:30:00'), 'buffer_time': -15.0}]",64934.0
28be1402-23e6-47a2-851b-24c30e4d1b3f,2025-05-20,5,5,0,3,15.164938606490889,"[{'from_property': 64933, 'to_property': 64935, 'travel_time': 5.0, 'tour_causing_travel': 1, 'prev_end': Timestamp('2025-05-20 15:45:00'), 'next_start': Timestamp('2025-05-20 15:30:00'), 'buffer_time': -15.0}, {'from_property': 64935, 'to_property': 64934, 'travel_time': 5.0, 'tour_causing_travel': 2, 'prev_end': Timestamp('2025-05-20 16:00:00'), 'next_start': Timestamp('2025-05-20 17:30:00'), 'buffer_time': 90.0}, {'from_property': 64934, 'to_property': 64932, 'travel_time': 5.164938606490889, 'tour_causing_travel': 3, 'prev_end': Timestamp('2025-05-20 19:00:00'), 'next_start': Timestamp('2025-05-20 19:00:00'), 'buffer_time': 0.0}]",64932.0
28be1402-23e6-47a2-851b-24c30e4d1b3f,2025-05-21,3,3,0,2,12.272967977555677,"[{'from_property': 64934, 'to_property': 64932, 'travel_time': 5.164938606490889, 'tour_causing_travel': 1, 'prev_end': Timestamp('2025-05-21 19:00:00'), 'next_start': Timestamp('2025-05-21 19:30:00'), 'buffer_time': 30.0}, {'from_property': 64932, 'to_property': 64937, 'travel_time': 7.108029371064788, 'tour_causing_travel': 2, 'prev_end': Timestamp('2025-05-21 20:30:00'), 'next_start': Timestamp('2025-05-21 20:30:00'), 'buffer_time': 0.0}]",64937.0
28be1402-23e6-47a2-851b-24c30e4d1b3f,2025-05-23,5,5,0,2,29.52890377621887,"[{'from_property': 64933, 'to_property': 64938, 'travel_time': 14.764451888109434, 'tour_causing_travel': 3, 'prev_end': Timestamp('2025-05-23 19:15:00'), 'next_start': Timestamp('2025-05-23 18:15:00'), 'buffer_time': -60.0}, {'from_property': 64938, 'to_property': 64933, 'travel_time': 14.764451888109434, 'tour_causing_travel': 4, 'prev_end': Timestamp('2025-05-23 19:15:00'), 'next_start': Timestamp('2025-05-23 19:30:00'), 'buffer_time': 15.0}]",64933.0
28be1402-23e6-47a2-851b-24c30e4d1b3f,2025-05-24,2,2,0,1,5.0,"[{'from_property': 64943, 'to_property': 64934, 'travel_time': 5.0, 'tour_causing_travel': 1, 'prev_end': Timestamp('2025-05-24 18:15:00'), 'next_start': Timestamp('2025-05-24 19:00:00'), 'buffer_time': 45.0}]",64934.0
28be1402-23e6-47a2-851b-24c30e4d1b3f,2025-05-27,3,2,1,1,5.534647924625943,"[{'from_property': 64937, 'to_property': 64939, 'travel_time': 5.534647924625943, 'tour_causing_travel': 1, 'prev_end': Timestamp('2025-05-27 17:00:00'), 'next_start': Timestamp('2025-05-27 17:00:00'), 'buffer_time': 0.0}]",64939.0
28be1402-23e6-47a2-851b-24c30e4d1b3f,2025-05-28,2,1,1,0,0.0,[],151243.0
2d4a3e78-6ef4-4b69-94a5-7245b6ab7cc3,2025-05-01,4,4,0,2,15.875600255964748,"[{'from_property': 64939, 'to_property': 64942, 'travel_time': 7.937800127982374, 'tour_causing_travel': 1, 'prev_end': Timestamp('2025-05-01 14:15:00'), 'next_start': Timestamp('2025-05-01 16:00:00'), 'buffer_time': 105.0}, {'from_property': 64942, 'to_property': 64939, 'travel_time': 7.937800127982374, 'tour_causing_travel': 2, 'prev_end': Timestamp('2025-05-01 17:00:00'), 'next_start': Timestamp('2025-05-01 16:30:00'), 'buffer_time': -30.0}]",64939.0
2d4a3e78-6ef4-4b69-94a5-7245b6ab7cc3,2025-05-02,4,4,0,2,15.730244507168791,"[{'from_property': 64939, 'to_property': 64942, 'travel_time': 7.937800127982374, 'tour_causing_travel': 2, 'prev_end': Timestamp('2025-05-02 17:15:00'), 'next_start': Timestamp('2025-05-02 17:30:00'), 'buffer_time': 15.0}, {'from_property': 64942, 'to_property': 64940, 'travel_time': 7.792444379186417, 'tour_causing_travel': 3, 'prev_end': Timestamp('2025-05-02 18:45:00'), 'next_start': Timestamp('2025-05-02 19:30:00'), 'buffer_time': 45.0}]",64940.0
2d4a3e78-6ef4-4b69-94a5-7245b6ab7cc3,2025-05-03,2,2,0,1,7.937800127982374,"[{'from_property': 64942, 'to_property': 64939, 'travel_time': 7.937800127982374, 'tour_causing_travel': 1, 'prev_end': Timestamp('2025-05-03 18:15:00'), 'next_start': Timestamp('2025-05-03 18:30:00'), 'buffer_time': 15.0}]",64939.0
2d4a3e78-6ef4-4b69-94a5-7245b6ab7cc3,2025-05-05,4,3,1,1,5.0,"[{'from_property': 64939, 'to_property': 64940, 'travel_time': 5.0, 'tour_causing_travel': 3, 'prev_end': Timestamp('2025-05-05 18:31:00'), 'next_start': Timestamp('2025-05-05 20:30:00'), 'buffer_time': 119.0}]",64940.0
2d4a3e78-6ef4-4b69-94a5-7245b6ab7cc3,2025-05-06,1,1,0,0,0.0,[],64939.0
2d4a3e78-6ef4-4b69-94a5-7245b6ab7cc3,2025-05-07,1,1,0,0,0.0,[],64940.0
2d4a3e78-6ef4-4b69-94a5-7245b6ab7cc3,2025-05-08,3,2,1,1,5.0,"[{'from_property': 64940, 'to_property': 64939, 'travel_time': 5.0, 'tour_causing_travel': 1, 'prev_end': Timestamp('2025-05-08 17:15:00'), 'next_start': Timestamp('2025-05-08 17:30:00'), 'buffer_time': 15.0}]",64939.0
2d4a3e78-6ef4-4b69-94a5-7245b6ab7cc3,2025-05-09,5,5,0,2,10.0,"[{'from_property': 64939, 'to_property': 64940, 'travel_time': 5.0, 'tour_causing_travel': 1, 'prev_end': Timestamp('2025-05-09 14:00:00'), 'next_start': Timestamp('2025-05-09 16:00:00'), 'buffer_time': 120.0}, {'from_property': 64940, 'to_property': 64939, 'travel_time': 5.0, 'tour_causing_travel': 2, 'prev_end': Timestamp('2025-05-09 17:15:00'), 'next_start': Timestamp('2025-05-09 18:00:00'), 'buffer_time': 45.0}]",64939.0
2d4a3e78-6ef4-4b69-94a5-7245b6ab7cc3,2025-05-10,3,3,0,2,10.0,"[{'from_property': 64941, 'to_property': 64939, 'travel_time': 5.0, 'tour_causing_travel': 1, 'prev_end': Timestamp('2025-05-10 16:15:00'), 'next_start': Timestamp('2025-05-10 16:30:00'), 'buffer_time': 15.0}, {'from_property': 64939, 'to_property': 64940, 'travel_time': 5.0, 'tour_causing_travel': 2, 'prev_end': Timestamp('2025-05-10 17:45:00'), 'next_start': Timestamp('2025-05-10 19:00:00'), 'buffer_time': 75.0}]",64940.0
2d4a3e78-6ef4-4b69-94a5-7245b6ab7cc3,2025-05-11,1,1,0,0,0.0,[],64942.0
2d4a3e78-6ef4-4b69-94a5-7245b6ab7cc3,2025-05-12,2,2,0,1,5.0,"[{'from_property': 64941, 'to_property': 64940, 'travel_time': 5.0, 'tour_causing_travel': 1, 'prev_end': Timestamp('2025-05-12 18:45:00'), 'next_start': Timestamp('2025-05-12 19:30:00'), 'buffer_time': 45.0}]",64940.0
2d4a3e78-6ef4-4b69-94a5-7245b6ab7cc3,2025-05-13,4,4,0,1,5.0,"[{'from_property': 64939, 'to_property': 64940, 'travel_time': 5.0, 'tour_causing_travel': 3, 'prev_end': Timestamp('2025-05-13 16:30:00'), 'next_start': Timestamp('2025-05-13 19:00:00'), 'buffer_time': 150.0}]",64940.0
2d4a3e78-6ef4-4b69-94a5-7245b6ab7cc3,2025-05-14,1,1,0,0,0.0,[],64940.0
2d4a3e78-6ef4-4b69-94a5-7245b6ab7cc3,2025-05-15,1,1,0,0,0.0,[],64940.0
2d4a3e78-6ef4-4b69-94a5-7245b6ab7cc3,2025-05-16,1,1,0,0,0.0,[],64940.0
2d4a3e78-6ef4-4b69-94a5-7245b6ab7cc3,2025-05-17,2,2,0,0,0.0,[],64939.0
2d4a3e78-6ef4-4b69-94a5-7245b6ab7cc3,2025-05-19,2,2,0,0,0.0,[],64940.0
2d4a3e78-6ef4-4b69-94a5-7245b6ab7cc3,2025-05-20,3,3,0,0,0.0,[],64939.0
2d4a3e78-6ef4-4b69-94a5-7245b6ab7cc3,2025-05-21,2,2,0,1,7.937800127982374,"[{'from_property': 64939, 'to_property': 64942, 'travel_time': 7.937800127982374, 'tour_causing_travel': 1, 'prev_end': Timestamp('2025-05-21 17:15:00'), 'next_start': Timestamp('2025-05-21 20:00:00'), 'buffer_time': 165.0}]",64942.0
2d4a3e78-6ef4-4b69-94a5-7245b6ab7cc3,2025-05-22,1,1,0,0,0.0,[],64939.0
2d4a3e78-6ef4-4b69-94a5-7245b6ab7cc3,2025-05-24,1,1,0,0,0.0,[],64939.0
2d4a3e78-6ef4-4b69-94a5-7245b6ab7cc3,2025-05-27,4,4,0,1,7.565803230727433,"[{'from_property': 64941, 'to_property': 64942, 'travel_time': 7.565803230727433, 'tour_causing_travel': 1, 'prev_end': Timestamp('2025-05-27 15:15:00'), 'next_start': Timestamp('2025-05-27 15:30:00'), 'buffer_time': 15.0}]",64942.0
2d4a3e78-6ef4-4b69-94a5-7245b6ab7cc3,2025-05-30,3,3,0,2,10.0,"[{'from_property': 64939, 'to_property': 64941, 'travel_time': 5.0, 'tour_causing_travel': 1, 'prev_end': Timestamp('2025-05-30 16:15:00'), 'next_start': Timestamp('2025-05-30 17:00:00'), 'buffer_time': 45.0}, {'from_property': 64941, 'to_property': 64939, 'travel_time': 5.0, 'tour_causing_travel': 2, 'prev_end': Timestamp('2025-05-30 18:15:00'), 'next_start': Timestamp('2025-05-30 19:30:00'), 'buffer_time': 75.0}]",64939.0
3adf8a2d-48bd-4e25-8cfd-13b1ede21696,2025-05-03,3,3,0,1,9.881003564504423,"[{'from_property': 64938, 'to_property': 64940, 'travel_time': 9.881003564504423, 'tour_causing_travel': 2, 'prev_end': Timestamp('2025-05-03 20:15:00'), 'next_start': Timestamp('2025-05-03 20:00:00'), 'buffer_time': -15.0}]",64940.0
3adf8a2d-48bd-4e25-8cfd-13b1ede21696,2025-05-13,1,1,0,0,0.0,[],64939.0
3adf8a2d-48bd-4e25-8cfd-13b1ede21696,2025-05-15,1,1,0,0,0.0,[],64934.0
44f184d5-8579-4a79-93a4-26072a6177b5,2025-05-01,1,1,0,0,0.0,[],100490.0
44f184d5-8579-4a79-93a4-26072a6177b5,2025-05-12,1,1,0,0,0.0,[],100490.0
44f184d5-8579-4a79-93a4-26072a6177b5,2025-05-14,1,0,1,0,0.0,[],
570ebd49-f0eb-4805-b42d-1b933b9e399f,2025-05-22,1,1,0,0,0.0,[],64934.0
67d48910-35a9-4369-8915-24b3a9a73a41,2025-05-01,1,1,0,0,0.0,[],64937.0
67d48910-35a9-4369-8915-24b3a9a73a41,2025-05-07,1,1,0,0,0.0,[],64937.0
67d48910-35a9-4369-8915-24b3a9a73a41,2025-05-16,1,1,0,0,0.0,[],64937.0
67d48910-35a9-4369-8915-24b3a9a73a41,2025-05-20,1,1,0,0,0.0,[],64937.0
7f9ff890-8ed2-40f8-968a-5cc6dba94244,2025-05-31,1,1,0,0,0.0,[],64941.0
83ace543-088f-4530-9c4a-09e9a116770e,2025-05-12,1,1,0,0,0.0,[],64932.0
83ace543-088f-4530-9c4a-09e9a116770e,2025-05-13,1,1,0,0,0.0,[],64932.0
83ace543-088f-4530-9c4a-09e9a116770e,2025-05-15,1,1,0,0,0.0,[],84770.0
83ace543-088f-4530-9c4a-09e9a116770e,2025-05-21,1,0,1,0,0.0,[],
883d41c8-4a8f-4998-8055-d45f6c471716,2025-05-09,1,0,1,0,0.0,[],
883d41c8-4a8f-4998-8055-d45f6c471716,2025-05-16,1,1,0,0,0.0,[],64933.0
883d41c8-4a8f-4998-8055-d45f6c471716,2025-05-31,2,2,0,1,5.0,"[{'from_property': 64943, 'to_property': 64933, 'travel_time': 5.0, 'tour_causing_travel': 1, 'prev_end': Timestamp('2025-05-31 16:45:00'), 'next_start': Timestamp('2025-05-31 19:00:00'), 'buffer_time': 135.0}]",64933.0
88f5454b-0700-4ea0-a793-e60baf60d5f0,2025-05-21,2,2,0,1,5.0,"[{'from_property': 64941, 'to_property': 64939, 'travel_time': 5.0, 'tour_causing_travel': 1, 'prev_end': Timestamp('2025-05-21 19:15:00'), 'next_start': Timestamp('2025-05-21 18:45:00'), 'buffer_time': -30.0}]",64939.0
88f5454b-0700-4ea0-a793-e60baf60d5f0,2025-05-22,1,1,0,0,0.0,[],64939.0
88f5454b-0700-4ea0-a793-e60baf60d5f0,2025-05-24,1,1,0,0,0.0,[],64939.0
90976d80-bfac-456b-9b24-79b9c0170b72,2025-05-01,5,5,0,3,17.312844231483318,"[{'from_property': 64937, 'to_property': 84770, 'travel_time': 5.238917851353683, 'tour_causing_travel': 1, 'prev_end': Timestamp('2025-05-01 14:45:00'), 'next_start': Timestamp('2025-05-01 15:00:00'), 'buffer_time': 15.0}, {'from_property': 84770, 'to_property': 64937, 'travel_time': 5.238917851353683, 'tour_causing_travel': 2, 'prev_end': Timestamp('2025-05-01 15:45:00'), 'next_start': Timestamp('2025-05-01 18:00:00'), 'buffer_time': 135.0}, {'from_property': 64937, 'to_property': 151243, 'travel_time': 6.835008528775953, 'tour_causing_travel': 4, 'prev_end': Timestamp('2025-05-01 20:00:00'), 'next_start': Timestamp('2025-05-01 19:45:00'), 'buffer_time': -15.0}]",151243.0
90976d80-bfac-456b-9b24-79b9c0170b72,2025-05-02,4,3,1,1,7.565803230727433,"[{'from_property': 64942, 'to_property': 64941, 'travel_time': 7.565803230727433, 'tour_causing_travel': 2, 'prev_end': Timestamp('2025-05-02 16:45:00'), 'next_start': Timestamp('2025-05-02 18:30:00'), 'buffer_time': 105.0}]",64941.0
90976d80-bfac-456b-9b24-79b9c0170b72,2025-05-06,4,4,0,2,28.655517400103285,"[{'from_property': 64933, 'to_property': 64938, 'travel_time': 14.764451888109434, 'tour_causing_travel': 2, 'prev_end': Timestamp('2025-05-06 17:00:00'), 'next_start': Timestamp('2025-05-06 18:00:00'), 'buffer_time': 60.0}, {'from_property': 64938, 'to_property': 84770, 'travel_time': 13.891065511993851, 'tour_causing_travel': 3, 'prev_end': Timestamp('2025-05-06 19:45:00'), 'next_start': Timestamp('2025-05-06 20:00:00'), 'buffer_time': 15.0}]",84770.0
90976d80-bfac-456b-9b24-79b9c0170b72,2025-05-07,3,3,0,2,22.350386999840353,"[{'from_property': 64938, 'to_property': 64937, 'travel_time': 11.175193499920177, 'tour_causing_travel': 1, 'prev_end': Timestamp('2025-05-07 17:00:00'), 'next_start': Timestamp('2025-05-07 18:00:00'), 'buffer_time': 60.0}, {'from_property': 64937, 'to_property': 64938, 'travel_time': 11.175193499920177, 'tour_causing_travel': 2, 'prev_end': Timestamp('2025-05-07 19:00:00'), 'next_start': Timestamp('2025-05-07 20:00:00'), 'buffer_time': 60.0}]",64938.0
90976d80-bfac-456b-9b24-79b9c0170b72,2025-05-08,4,3,1,2,12.108029371064788,"[{'from_property': 64942, 'to_property': 64932, 'travel_time': 5.0, 'tour_causing_travel': 1, 'prev_end': Timestamp('2025-05-08 15:30:00'), 'next_start': Timestamp('2025-05-08 16:00:00'), 'buffer_time': 30.0}, {'from_property': 64932, 'to_property': 64937, 'travel_time': 7.108029371064788, 'tour_causing_travel': 2, 'prev_end': Timestamp('2025-05-08 17:00:00'), 'next_start': Timestamp('2025-05-08 18:30:00'), 'buffer_time': 90.0}]",64937.0
90976d80-bfac-456b-9b24-79b9c0170b72,2025-05-09,5,5,0,3,15.0,"[{'from_property': 64936, 'to_property': 64933, 'travel_time': 5.0, 'tour_causing_travel': 1, 'prev_end': Timestamp('2025-05-09 15:30:00'), 'next_start': Timestamp('2025-05-09 16:00:00'), 'buffer_time': 30.0}, {'from_property': 64933, 'to_property': 64943, 'travel_time': 5.0, 'tour_causing_travel': 2, 'prev_end': Timestamp('2025-05-09 17:00:00'), 'next_start': Timestamp('2025-05-09 17:00:00'), 'buffer_time': 0.0}, {'from_property': 64943, 'to_property': 64934, 'travel_time': 5.0, 'tour_causing_travel': 4, 'prev_end': Timestamp('2025-05-09 18:45:00'), 'next_start': Timestamp('2025-05-09 19:00:00'), 'buffer_time': 15.0}]",64934.0
90976d80-bfac-456b-9b24-79b9c0170b72,2025-05-10,4,4,0,2,10.0,"[{'from_property': 64933, 'to_property': 64943, 'travel_time': 5.0, 'tour_causing_travel': 2, 'prev_end': Timestamp('2025-05-10 17:00:00'), 'next_start': Timestamp('2025-05-10 17:00:00'), 'buffer_time': 0.0}, {'from_property': 64943, 'to_property': 64934, 'travel_time': 5.0, 'tour_causing_travel': 3, 'prev_end': Timestamp('2025-05-10 18:15:00'), 'next_start': Timestamp('2025-05-10 18:30:00'), 'buffer_time': 15.0}]",64934.0
90976d80-bfac-456b-9b24-79b9c0170b72,2025-05-12,5,4,1,3,17.64267729569073,"[{'from_property': 64942, 'to_property': 64937, 'travel_time': 7.108029371064788, 'tour_causing_travel': 2, 'prev_end': Timestamp('2025-05-12 19:00:00'), 'next_start': Timestamp('2025-05-12 19:00:00'), 'buffer_time': 0.0}, {'from_property': 64937, 'to_property': 64939, 'travel_time': 5.534647924625943, 'tour_causing_travel': 3, 'prev_end': Timestamp('2025-05-12 20:00:00'), 'next_start': Timestamp('2025-05-12 20:00:00'), 'buffer_time': 0.0}, {'from_property': 64939, 'to_property': 64941, 'travel_time': 5.0, 'tour_causing_travel': 4, 'prev_end': Timestamp('2025-05-12 21:15:00'), 'next_start': Timestamp('2025-05-12 21:00:00'), 'buffer_time': -15.0}]",64941.0
90976d80-bfac-456b-9b24-79b9c0170b72,2025-05-13,4,4,0,3,35.22448748302028,"[{'from_property': 100490, 'to_property': 64933, 'travel_time': 5.0, 'tour_causing_travel': 1, 'prev_end': Timestamp('2025-05-13 15:45:00'), 'next_start': Timestamp('2025-05-13 16:00:00'), 'buffer_time': 15.0}, {'from_property': 64933, 'to_property': 64938, 'travel_time': 14.764451888109434, 'tour_causing_travel': 2, 'prev_end': Timestamp('2025-05-13 17:00:00'), 'next_start': Timestamp('2025-05-13 18:30:00'), 'buffer_time': 90.0}, {'from_property': 64938, 'to_property': 64932, 'travel_time': 15.460035594910849, 'tour_causing_travel': 3, 'prev_end': Timestamp('2025-05-13 19:45:00'), 'next_start': Timestamp('2025-05-13 20:00:00'), 'buffer_time': 15.0}]",64932.0
90976d80-bfac-456b-9b24-79b9c0170b72,2025-05-14,2,2,0,1,5.0,"[{'from_property': 64935, 'to_property': 64934, 'travel_time': 5.0, 'tour_causing_travel': 1, 'prev_end': Timestamp('2025-05-14 16:45:00'), 'next_start': Timestamp('2025-05-14 15:30:00'), 'buffer_time': -75.0}]",64934.0
90976d80-bfac-456b-9b24-79b9c0170b72,2025-05-15,3,3,0,2,30.920071189821698,"[{'from_property': 64938, 'to_property': 64932, 'travel_time': 15.460035594910849, 'tour_causing_travel': 1, 'prev_end': Timestamp('2025-05-15 15:45:00'), 'next_start': Timestamp('2025-05-15 16:00:00'), 'buffer_time': 15.0}, {'from_property': 64932, 'to_property': 64938, 'travel_time': 15.460035594910849, 'tour_causing_travel': 2, 'prev_end': Timestamp('2025-05-15 17:00:00'), 'next_start': Timestamp('2025-05-15 18:30:00'), 'buffer_time': 90.0}]",64938.0
90976d80-bfac-456b-9b24-79b9c0170b72,2025-05-16,3,3,0,2,30.621666661668385,"[{'from_property': 64932, 'to_property': 64938, 'travel_time': 15.460035594910849, 'tour_causing_travel': 1, 'prev_end': Timestamp('2025-05-16 15:30:00'), 'next_start': Timestamp('2025-05-16 15:30:00'), 'buffer_time': 0.0}, {'from_property': 64938, 'to_property': 78139, 'travel_time': 15.161631066757538, 'tour_causing_travel': 2, 'prev_end': Timestamp('2025-05-16 16:45:00'), 'next_start': Timestamp('2025-05-16 17:30:00'), 'buffer_time': 45.0}]",78139.0
90976d80-bfac-456b-9b24-79b9c0170b72,2025-05-17,3,3,0,0,0.0,[],78139.0
90976d80-bfac-456b-9b24-79b9c0170b72,2025-05-19,3,3,0,0,0.0,[],64933.0
90976d80-bfac-456b-9b24-79b9c0170b72,2025-05-20,5,4,1,3,16.150764973124364,"[{'from_property': 64939, 'to_property': 64937, 'travel_time': 5.534647924625943, 'tour_causing_travel': 1, 'prev_end': Timestamp('2025-05-20 15:45:00'), 'next_start': Timestamp('2025-05-20 16:00:00'), 'buffer_time': 15.0}, {'from_property': 64937, 'to_property': 64933, 'travel_time': 5.616117048498422, 'tour_causing_travel': 3, 'prev_end': Timestamp('2025-05-20 19:01:00'), 'next_start': Timestamp('2025-05-20 20:00:00'), 'buffer_time': 59.0}, {'from_property': 64933, 'to_property': 64932, 'travel_time': 5.0, 'tour_causing_travel': 4, 'prev_end': Timestamp('2025-05-20 21:00:00'), 'next_start': Timestamp('2025-05-20 21:00:00'), 'buffer_time': 0.0}]",64932.0
90976d80-bfac-456b-9b24-79b9c0170b72,2025-05-22,7,7,0,6,36.96217355969188,"[{'from_property': 151243, 'to_property': 64932, 'travel_time': 5.074560107030919, 'tour_causing_travel': 1, 'prev_end': Timestamp('2025-05-22 14:15:00'), 'next_start': Timestamp('2025-05-22 14:45:00'), 'buffer_time': 30.0}, {'from_property': 64932, 'to_property': 64937, 'travel_time': 7.108029371064788, 'tour_causing_travel': 2, 'prev_end': Timestamp('2025-05-22 15:30:00'), 'next_start': Timestamp('2025-05-22 15:30:00'), 'buffer_time': 0.0}, {'from_property': 64937, 'to_property': 100490, 'travel_time': 5.334875958546577, 'tour_causing_travel': 3, 'prev_end': Timestamp('2025-05-22 16:30:00'), 'next_start': Timestamp('2025-05-22 17:00:00'), 'buffer_time': 30.0}, {'from_property': 100490, 'to_property': 64942, 'travel_time': 7.3366787519848105, 'tour_causing_travel': 4, 'prev_end': Timestamp('2025-05-22 17:45:00'), 'next_start': Timestamp('2025-05-22 18:30:00'), 'buffer_time': 45.0}, {'from_property': 64942, 'to_property': 64932, 'travel_time': 5.0, 'tour_causing_travel': 5, 'prev_end': Timestamp('2025-05-22 19:45:00'), 'next_start': Timestamp('2025-05-22 20:00:00'), 'buffer_time': 15.0}, {'from_property': 64932, 'to_property': 64937, 'travel_time': 7.108029371064788, 'tour_causing_travel': 6, 'prev_end': Timestamp('2025-05-22 21:00:00'), 'next_start': Timestamp('2025-05-22 21:00:00'), 'buffer_time': 0.0}]",64937.0
90976d80-bfac-456b-9b24-79b9c0170b72,2025-05-23,4,3,1,1,7.108029371064788,"[{'from_property': 64932, 'to_property': 64937, 'travel_time': 7.108029371064788, 'tour_causing_travel': 3, 'prev_end': Timestamp('2025-05-23 21:30:00'), 'next_start': Timestamp('2025-05-23 22:00:00'), 'buffer_time': 30.0}]",64937.0
90976d80-bfac-456b-9b24-79b9c0170b72,2025-05-24,6,6,0,4,25.676942220046442,"[{'from_property': 100490, 'to_property': 64932, 'travel_time': 7.3366787519848105, 'tour_causing_travel': 1, 'prev_end': Timestamp('2025-05-24 14:45:00'), 'next_start': Timestamp('2025-05-24 16:30:00'), 'buffer_time': 105.0}, {'from_property': 64932, 'to_property': 64937, 'travel_time': 7.108029371064788, 'tour_causing_travel': 2, 'prev_end': Timestamp('2025-05-24 17:30:00'), 'next_start': Timestamp('2025-05-24 17:30:00'), 'buffer_time': 0.0}, {'from_property': 64937, 'to_property': 64933, 'travel_time': 5.616117048498422, 'tour_causing_travel': 4, 'prev_end': Timestamp('2025-05-24 19:30:00'), 'next_start': Timestamp('2025-05-24 20:00:00'), 'buffer_time': 30.0}, {'from_property': 64933, 'to_property': 64937, 'travel_time': 5.616117048498422, 'tour_causing_travel': 5, 'prev_end': Timestamp('2025-05-24 20:45:00'), 'next_start': Timestamp('2025-05-24 21:00:00'), 'buffer_time': 15.0}]",64937.0
90976d80-bfac-456b-9b24-79b9c0170b72,2025-05-26,1,1,0,0,0.0,[],64937.0
90976d80-bfac-456b-9b24-79b9c0170b72,2025-05-27,5,5,0,3,24.368901214701218,"[{'from_property': 64938, 'to_property': 84770, 'travel_time': 13.891065511993851, 'tour_causing_travel': 2, 'prev_end': Timestamp('2025-05-27 16:45:00'), 'next_start': Timestamp('2025-05-27 18:00:00'), 'buffer_time': 75.0}, {'from_property': 84770, 'to_property': 64937, 'travel_time': 5.238917851353683, 'tour_causing_travel': 3, 'prev_end': Timestamp('2025-05-27 19:00:00'), 'next_start': Timestamp('2025-05-27 19:00:00'), 'buffer_time': 0.0}, {'from_property': 64937, 'to_property': 84770, 'travel_time': 5.238917851353683, 'tour_causing_travel': 4, 'prev_end': Timestamp('2025-05-27 20:00:00'), 'next_start': Timestamp('2025-05-27 21:00:00'), 'buffer_time': 60.0}]",84770.0
90976d80-bfac-456b-9b24-79b9c0170b72,2025-05-29,1,1,0,0,0.0,[],64940.0
90b2922d-f518-46a3-8c2a-c093b9b313e4,2025-05-01,1,1,0,0,0.0,[],64937.0
90b2922d-f518-46a3-8c2a-c093b9b313e4,2025-05-12,1,1,0,0,0.0,[],64937.0
90b2922d-f518-46a3-8c2a-c093b9b313e4,2025-05-14,3,3,0,0,0.0,[],64937.0
90b2922d-f518-46a3-8c2a-c093b9b313e4,2025-05-15,1,1,0,0,0.0,[],64937.0
90b2922d-f518-46a3-8c2a-c093b9b313e4,2025-05-16,2,2,0,0,0.0,[],64937.0
976d1b6d-25a3-43b4-9a84-142c50f2eb04,2025-05-16,2,2,0,0,0.0,[],64938.0
976d1b6d-25a3-43b4-9a84-142c50f2eb04,2025-05-31,1,1,0,0,0.0,[],64938.0
97db7639-04f9-481e-b121-8a47f766b009,2025-05-23,1,1,0,0,0.0,[],64939.0
a2f7da14-7555-4747-836a-5e8df6da023d,2025-05-04,1,1,0,0,0.0,[],64938.0
a2f7da14-7555-4747-836a-5e8df6da023d,2025-05-09,1,1,0,0,0.0,[],64938.0
a2f7da14-7555-4747-836a-5e8df6da023d,2025-05-16,1,0,1,0,0.0,[],
a2f7da14-7555-4747-836a-5e8df6da023d,2025-05-17,1,1,0,0,0.0,[],64938.0
a2f7da14-7555-4747-836a-5e8df6da023d,2025-05-31,1,1,0,0,0.0,[],64938.0
a53a3391-264e-4b5d-b08f-7d303d387562,2025-05-01,1,1,0,0,0.0,[],64932.0
a53a3391-264e-4b5d-b08f-7d303d387562,2025-05-02,2,2,0,1,7.3366787519848105,"[{'from_property': 64932, 'to_property': 100490, 'travel_time': 7.3366787519848105, 'tour_causing_travel': 1, 'prev_end': Timestamp('2025-05-02 15:30:00'), 'next_start': Timestamp('2025-05-02 21:15:00'), 'buffer_time': 345.0}]",100490.0
a53a3391-264e-4b5d-b08f-7d303d387562,2025-05-06,1,1,0,0,0.0,[],64932.0
aeabf7ea-6c98-490d-995f-dac99a112812,2025-05-02,2,2,0,0,0.0,[],84770.0
aeabf7ea-6c98-490d-995f-dac99a112812,2025-05-06,2,2,0,0,0.0,[],64932.0
aeabf7ea-6c98-490d-995f-dac99a112812,2025-05-20,1,1,0,0,0.0,[],64932.0
aeabf7ea-6c98-490d-995f-dac99a112812,2025-05-21,2,2,0,1,7.3366787519848105,"[{'from_property': 100490, 'to_property': 64932, 'travel_time': 7.3366787519848105, 'tour_causing_travel': 1, 'prev_end': Timestamp('2025-05-21 16:15:00'), 'next_start': Timestamp('2025-05-21 21:00:00'), 'buffer_time': 285.0}]",64932.0
aeabf7ea-6c98-490d-995f-dac99a112812,2025-05-22,2,2,0,0,0.0,[],64932.0
aeabf7ea-6c98-490d-995f-dac99a112812,2025-05-23,3,3,0,0,0.0,[],64932.0
aeabf7ea-6c98-490d-995f-dac99a112812,2025-05-24,3,3,0,1,7.3366787519848105,"[{'from_property': 64932, 'to_property': 100490, 'travel_time': 7.3366787519848105, 'tour_causing_travel': 2, 'prev_end': Timestamp('2025-05-24 16:30:00'), 'next_start': Timestamp('2025-05-24 17:00:00'), 'buffer_time': 30.0}]",100490.0
aeabf7ea-6c98-490d-995f-dac99a112812,2025-05-27,4,4,0,2,14.840082426283203,"[{'from_property': 100490, 'to_property': 64932, 'travel_time': 7.3366787519848105, 'tour_causing_travel': 2, 'prev_end': Timestamp('2025-05-27 16:45:00'), 'next_start': Timestamp('2025-05-27 17:00:00'), 'buffer_time': 15.0}, {'from_property': 64932, 'to_property': 84770, 'travel_time': 7.503403674298393, 'tour_causing_travel': 3, 'prev_end': Timestamp('2025-05-27 18:00:00'), 'next_start': Timestamp('2025-05-27 18:00:00'), 'buffer_time': 0.0}]",84770.0
bb3b2886-c9cc-4e88-8c16-f6aaff7f088c,2025-05-07,1,1,0,0,0.0,[],100490.0
bb3b2886-c9cc-4e88-8c16-f6aaff7f088c,2025-05-16,1,1,0,0,0.0,[],64935.0
bb3b2886-c9cc-4e88-8c16-f6aaff7f088c,2025-05-17,1,1,0,0,0.0,[],64934.0
c827bf27-8489-4ffe-bf90-5df6383b939e,2025-05-12,1,1,0,0,0.0,[],64939.0
c827bf27-8489-4ffe-bf90-5df6383b939e,2025-05-17,1,1,0,0,0.0,[],64942.0
c827bf27-8489-4ffe-bf90-5df6383b939e,2025-05-28,1,1,0,0,0.0,[],151243.0
c99885bc-c6ac-4c57-b977-db23a4ee8973,2025-05-01,1,1,0,0,0.0,[],64933.0
c99885bc-c6ac-4c57-b977-db23a4ee8973,2025-05-02,2,1,1,0,0.0,[],64934.0
c99885bc-c6ac-4c57-b977-db23a4ee8973,2025-05-06,1,1,0,0,0.0,[],64935.0
c99885bc-c6ac-4c57-b977-db23a4ee8973,2025-05-07,1,0,1,0,0.0,[],
c99885bc-c6ac-4c57-b977-db23a4ee8973,2025-05-08,2,2,0,0,0.0,[],64935.0
c99885bc-c6ac-4c57-b977-db23a4ee8973,2025-05-09,3,3,0,2,10.0,"[{'from_property': 64934, 'to_property': 64933, 'travel_time': 5.0, 'tour_causing_travel': 1, 'prev_end': Timestamp('2025-05-09 16:00:00'), 'next_start': Timestamp('2025-05-09 15:30:00'), 'buffer_time': -30.0}, {'from_property': 64933, 'to_property': 64934, 'travel_time': 5.0, 'tour_causing_travel': 2, 'prev_end': Timestamp('2025-05-09 16:45:00'), 'next_start': Timestamp('2025-05-09 16:00:00'), 'buffer_time': -45.0}]",64934.0
c99885bc-c6ac-4c57-b977-db23a4ee8973,2025-05-10,2,2,0,1,5.0,"[{'from_property': 64933, 'to_property': 64935, 'travel_time': 5.0, 'tour_causing_travel': 1, 'prev_end': Timestamp('2025-05-10 17:45:00'), 'next_start': Timestamp('2025-05-10 19:00:00'), 'buffer_time': 75.0}]",64935.0
c99885bc-c6ac-4c57-b977-db23a4ee8973,2025-05-12,2,1,1,0,0.0,[],64933.0
c99885bc-c6ac-4c57-b977-db23a4ee8973,2025-05-13,1,1,0,0,0.0,[],64934.0
c99885bc-c6ac-4c57-b977-db23a4ee8973,2025-05-14,3,3,0,1,5.0,"[{'from_property': 64934, 'to_property': 64933, 'travel_time': 5.0, 'tour_causing_travel': 2, 'prev_end': Timestamp('2025-05-14 16:00:00'), 'next_start': Timestamp('2025-05-14 17:30:00'), 'buffer_time': 90.0}]",64933.0
c99885bc-c6ac-4c57-b977-db23a4ee8973,2025-05-15,3,3,0,2,10.0,"[{'from_property': 64935, 'to_property': 64943, 'travel_time': 5.0, 'tour_causing_travel': 1, 'prev_end': Timestamp('2025-05-15 15:00:00'), 'next_start': Timestamp('2025-05-15 16:30:00'), 'buffer_time': 90.0}, {'from_property': 64943, 'to_property': 64934, 'travel_time': 5.0, 'tour_causing_travel': 2, 'prev_end': Timestamp('2025-05-15 17:30:00'), 'next_start': Timestamp('2025-05-15 17:30:00'), 'buffer_time': 0.0}]",64934.0
c99885bc-c6ac-4c57-b977-db23a4ee8973,2025-05-16,2,2,0,0,0.0,[],64935.0
c99885bc-c6ac-4c57-b977-db23a4ee8973,2025-05-17,4,4,0,3,15.0,"[{'from_property': 64943, 'to_property': 64933, 'travel_time': 5.0, 'tour_causing_travel': 1, 'prev_end': Timestamp('2025-05-17 15:45:00'), 'next_start': Timestamp('2025-05-17 14:30:00'), 'buffer_time': -75.0}, {'from_property': 64933, 'to_property': 64934, 'travel_time': 5.0, 'tour_causing_travel': 2, 'prev_end': Timestamp('2025-05-17 16:15:00'), 'next_start': Timestamp('2025-05-17 16:00:00'), 'buffer_time': -15.0}, {'from_property': 64934, 'to_property': 64933, 'travel_time': 5.0, 'tour_causing_travel': 3, 'prev_end': Timestamp('2025-05-17 17:00:00'), 'next_start': Timestamp('2025-05-17 19:00:00'), 'buffer_time': 120.0}]",64933.0
c99885bc-c6ac-4c57-b977-db23a4ee8973,2025-05-19,3,3,0,0,0.0,[],64933.0
c99885bc-c6ac-4c57-b977-db23a4ee8973,2025-05-20,2,2,0,0,0.0,[],64934.0
c99885bc-c6ac-4c57-b977-db23a4ee8973,2025-05-21,2,2,0,1,5.0,"[{'from_property': 64935, 'to_property': 64934, 'travel_time': 5.0, 'tour_causing_travel': 1, 'prev_end': Timestamp('2025-05-21 15:00:00'), 'next_start': Timestamp('2025-05-21 16:00:00'), 'buffer_time': 60.0}]",64934.0
c99885bc-c6ac-4c57-b977-db23a4ee8973,2025-05-23,5,5,0,3,15.0,"[{'from_property': 64934, 'to_property': 64933, 'travel_time': 5.0, 'tour_causing_travel': 1, 'prev_end': Timestamp('2025-05-23 14:00:00'), 'next_start': Timestamp('2025-05-23 15:00:00'), 'buffer_time': 60.0}, {'from_property': 64933, 'to_property': 64935, 'travel_time': 5.0, 'tour_causing_travel': 3, 'prev_end': Timestamp('2025-05-23 17:00:00'), 'next_start': Timestamp('2025-05-23 18:00:00'), 'buffer_time': 60.0}, {'from_property': 64935, 'to_property': 64933, 'travel_time': 5.0, 'tour_causing_travel': 4, 'prev_end': Timestamp('2025-05-23 19:00:00'), 'next_start': Timestamp('2025-05-23 19:00:00'), 'buffer_time': 0.0}]",64933.0
c99885bc-c6ac-4c57-b977-db23a4ee8973,2025-05-24,4,4,0,3,15.0,"[{'from_property': 64933, 'to_property': 64934, 'travel_time': 5.0, 'tour_causing_travel': 1, 'prev_end': Timestamp('2025-05-24 15:30:00'), 'next_start': Timestamp('2025-05-24 15:00:00'), 'buffer_time': -30.0}, {'from_property': 64934, 'to_property': 64933, 'travel_time': 5.0, 'tour_causing_travel': 2, 'prev_end': Timestamp('2025-05-24 16:00:00'), 'next_start': Timestamp('2025-05-24 17:00:00'), 'buffer_time': 60.0}, {'from_property': 64933, 'to_property': 64934, 'travel_time': 5.0, 'tour_causing_travel': 3, 'prev_end': Timestamp('2025-05-24 18:45:00'), 'next_start': Timestamp('2025-05-24 19:00:00'), 'buffer_time': 15.0}]",64934.0
c99885bc-c6ac-4c57-b977-db23a4ee8973,2025-05-27,2,2,0,1,5.0,"[{'from_property': 64935, 'to_property': 64933, 'travel_time': 5.0, 'tour_causing_travel': 1, 'prev_end': Timestamp('2025-05-27 14:45:00'), 'next_start': Timestamp('2025-05-27 20:00:00'), 'buffer_time': 315.0}]",64933.0
c99885bc-c6ac-4c57-b977-db23a4ee8973,2025-05-28,1,1,0,0,0.0,[],64943.0
c99885bc-c6ac-4c57-b977-db23a4ee8973,2025-05-30,2,2,0,1,5.0,"[{'from_property': 64934, 'to_property': 64935, 'travel_time': 5.0, 'tour_causing_travel': 1, 'prev_end': Timestamp('2025-05-30 16:15:00'), 'next_start': Timestamp('2025-05-30 20:00:00'), 'buffer_time': 225.0}]",64935.0
c99885bc-c6ac-4c57-b977-db23a4ee8973,2025-05-31,1,1,0,0,0.0,[],64934.0
cd0ff517-0bc3-475f-9e90-4128464db541,2025-05-03,2,1,1,0,0.0,[],64938.0
cd0ff517-0bc3-475f-9e90-4128464db541,2025-05-05,3,2,1,0,0.0,[],64938.0
cd0ff517-0bc3-475f-9e90-4128464db541,2025-05-07,1,1,0,0,0.0,[],64938.0
cd0ff517-0bc3-475f-9e90-4128464db541,2025-05-08,1,1,0,0,0.0,[],64938.0
cd0ff517-0bc3-475f-9e90-4128464db541,2025-05-10,3,3,0,0,0.0,[],64938.0
cd0ff517-0bc3-475f-9e90-4128464db541,2025-05-12,1,1,0,0,0.0,[],64938.0
cd0ff517-0bc3-475f-9e90-4128464db541,2025-05-13,1,1,0,0,0.0,[],78139.0
cd0ff517-0bc3-475f-9e90-4128464db541,2025-05-15,1,1,0,0,0.0,[],78139.0
cd0ff517-0bc3-475f-9e90-4128464db541,2025-05-16,2,2,0,0,0.0,[],64938.0
cd0ff517-0bc3-475f-9e90-4128464db541,2025-05-17,5,5,0,2,30.323262133515076,"[{'from_property': 64938, 'to_property': 78139, 'travel_time': 15.161631066757538, 'tour_causing_travel': 2, 'prev_end': Timestamp('2025-05-17 17:30:00'), 'next_start': Timestamp('2025-05-17 17:30:00'), 'buffer_time': 0.0}, {'from_property': 78139, 'to_property': 64938, 'travel_time': 15.161631066757538, 'tour_causing_travel': 3, 'prev_end': Timestamp('2025-05-17 18:45:00'), 'next_start': Timestamp('2025-05-17 18:00:00'), 'buffer_time': -45.0}]",64938.0
cd0ff517-0bc3-475f-9e90-4128464db541,2025-05-19,3,3,0,1,15.161631066757538,"[{'from_property': 78139, 'to_property': 64938, 'travel_time': 15.161631066757538, 'tour_causing_travel': 2, 'prev_end': Timestamp('2025-05-19 19:00:00'), 'next_start': Timestamp('2025-05-19 19:30:00'), 'buffer_time': 30.0}]",64938.0
cd0ff517-0bc3-475f-9e90-4128464db541,2025-05-20,2,2,0,0,0.0,[],64938.0
cd0ff517-0bc3-475f-9e90-4128464db541,2025-05-21,2,2,0,0,0.0,[],64938.0
cd0ff517-0bc3-475f-9e90-4128464db541,2025-05-22,1,1,0,0,0.0,[],64938.0
cd0ff517-0bc3-475f-9e90-4128464db541,2025-05-23,1,1,0,0,0.0,[],64938.0
cd0ff517-0bc3-475f-9e90-4128464db541,2025-05-24,2,1,1,0,0.0,[],64938.0
cd0ff517-0bc3-475f-9e90-4128464db541,2025-05-27,3,3,0,2,30.323262133515076,"[{'from_property': 78139, 'to_property': 64938, 'travel_time': 15.161631066757538, 'tour_causing_travel': 1, 'prev_end': Timestamp('2025-05-27 15:00:00'), 'next_start': Timestamp('2025-05-27 15:30:00'), 'buffer_time': 30.0}, {'from_property': 64938, 'to_property': 78139, 'travel_time': 15.161631066757538, 'tour_causing_travel': 2, 'prev_end': Timestamp('2025-05-27 16:45:00'), 'next_start': Timestamp('2025-05-27 17:00:00'), 'buffer_time': 15.0}]",78139.0
fcb34375-2531-4f65-8154-513c004c0afb,2025-05-03,1,1,0,0,0.0,[],64932.0
fcb34375-2531-4f65-8154-513c004c0afb,2025-05-21,1,1,0,0,0.0,[],64937.0
fcb34375-2531-4f65-8154-513c004c0afb,2025-05-22,2,1,1,0,0.0,[],151243.0
fcb34375-2531-4f65-8154-513c004c0afb,2025-05-23,1,1,0,0,0.0,[],64937.0
fcb34375-2531-4f65-8154-513c004c0afb,2025-05-30,3,3,0,2,10.669751917093153,"[{'from_property': 64937, 'to_property': 100490, 'travel_time': 5.334875958546577, 'tour_causing_travel': 1, 'prev_end': Timestamp('2025-05-30 15:00:00'), 'next_start': Timestamp('2025-05-30 19:00:00'), 'buffer_time': 240.0}, {'from_property': 100490, 'to_property': 64937, 'travel_time': 5.334875958546577, 'tour_causing_travel': 2, 'prev_end': Timestamp('2025-05-30 20:00:00'), 'next_start': Timestamp('2025-05-30 21:00:00'), 'buffer_time': 60.0}]",64937.0
fcb34375-2531-4f65-8154-513c004c0afb,2025-05-31,2,2,0,1,8.78789417259112,"[{'from_property': 100490, 'to_property': 151243, 'travel_time': 8.78789417259112, 'tour_causing_travel': 1, 'prev_end': Timestamp('2025-05-31 17:15:00'), 'next_start': Timestamp('2025-05-31 17:30:00'), 'buffer_time': 15.0}]",151243.0
fe3fff05-8c00-4519-866a-5a2c4aec8c96,2025-05-01,2,2,0,1,5.0,"[{'from_property': 64943, 'to_property': 64934, 'travel_time': 5.0, 'tour_causing_travel': 1, 'prev_end': Timestamp('2025-05-01 18:15:00'), 'next_start': Timestamp('2025-05-01 17:00:00'), 'buffer_time': -75.0}]",64934.0
fe3fff05-8c00-4519-866a-5a2c4aec8c96,2025-05-02,6,6,0,0,0.0,[],64938.0
fe3fff05-8c00-4519-866a-5a2c4aec8c96,2025-05-03,3,3,0,0,0.0,[],64938.0
fe3fff05-8c00-4519-866a-5a2c4aec8c96,2025-05-05,4,4,0,3,17.565803230727433,"[{'from_property': 64933, 'to_property': 64943, 'travel_time': 5.0, 'tour_causing_travel': 1, 'prev_end': Timestamp('2025-05-05 16:45:00'), 'next_start': Timestamp('2025-05-05 17:00:00'), 'buffer_time': 15.0}, {'from_property': 64943, 'to_property': 64932, 'travel_time': 5.0, 'tour_causing_travel': 2, 'prev_end': Timestamp('2025-05-05 18:45:00'), 'next_start': Timestamp('2025-05-05 18:00:00'), 'buffer_time': -45.0}, {'from_property': 64932, 'to_property': 64941, 'travel_time': 7.565803230727433, 'tour_causing_travel': 3, 'prev_end': Timestamp('2025-05-05 19:00:00'), 'next_start': Timestamp('2025-05-05 20:30:00'), 'buffer_time': 90.0}]",64941.0
fe3fff05-8c00-4519-866a-5a2c4aec8c96,2025-05-06,2,2,0,1,7.5067316529230705,"[{'from_property': 78139, 'to_property': 64940, 'travel_time': 7.5067316529230705, 'tour_causing_travel': 1, 'prev_end': Timestamp('2025-05-06 14:45:00'), 'next_start': Timestamp('2025-05-06 14:15:00'), 'buffer_time': -30.0}]",64940.0
fe3fff05-8c00-4519-866a-5a2c4aec8c96,2025-05-07,7,6,1,4,22.18572577387366,"[{'from_property': 100490, 'to_property': 78139, 'travel_time': 7.185725773873661, 'tour_causing_travel': 1, 'prev_end': Timestamp('2025-05-07 13:45:00'), 'next_start': Timestamp('2025-05-07 14:00:00'), 'buffer_time': 15.0}, {'from_property': 78139, 'to_property': 64932, 'travel_time': 5.0, 'tour_causing_travel': 2, 'prev_end': Timestamp('2025-05-07 15:00:00'), 'next_start': Timestamp('2025-05-07 16:00:00'), 'buffer_time': 60.0}, {'from_property': 64932, 'to_property': 64933, 'travel_time': 5.0, 'tour_causing_travel': 3, 'prev_end': Timestamp('2025-05-07 17:00:00'), 'next_start': Timestamp('2025-05-07 17:00:00'), 'buffer_time': 0.0}, {'from_property': 64933, 'to_property': 64932, 'travel_time': 5.0, 'tour_causing_travel': 4, 'prev_end': Timestamp('2025-05-07 18:00:00'), 'next_start': Timestamp('2025-05-07 18:00:00'), 'buffer_time': 0.0}]",64932.0
fe3fff05-8c00-4519-866a-5a2c4aec8c96,2025-05-08,2,1,1,0,0.0,[],64932.0
fe3fff05-8c00-4519-866a-5a2c4aec8c96,2025-05-09,5,4,1,2,14.673357503969621,"[{'from_property': 64932, 'to_property': 100490, 'travel_time': 7.3366787519848105, 'tour_causing_travel': 2, 'prev_end': Timestamp('2025-05-09 19:00:00'), 'next_start': Timestamp('2025-05-09 19:00:00'), 'buffer_time': 0.0}, {'from_property': 100490, 'to_property': 64932, 'travel_time': 7.3366787519848105, 'tour_causing_travel': 3, 'prev_end': Timestamp('2025-05-09 20:00:00'), 'next_start': Timestamp('2025-05-09 20:00:00'), 'buffer_time': 0.0}]",64932.0
fe3fff05-8c00-4519-866a-5a2c4aec8c96,2025-05-10,7,7,0,5,33.76699344280573,"[{'from_property': 100490, 'to_property': 64937, 'travel_time': 5.334875958546577, 'tour_causing_travel': 1, 'prev_end': Timestamp('2025-05-10 14:45:00'), 'next_start': Timestamp('2025-05-10 14:30:00'), 'buffer_time': -15.0}, {'from_property': 64937, 'to_property': 64932, 'travel_time': 7.108029371064788, 'tour_causing_travel': 2, 'prev_end': Timestamp('2025-05-10 15:30:00'), 'next_start': Timestamp('2025-05-10 16:00:00'), 'buffer_time': 30.0}, {'from_property': 64932, 'to_property': 64937, 'travel_time': 7.108029371064788, 'tour_causing_travel': 3, 'prev_end': Timestamp('2025-05-10 17:00:00'), 'next_start': Timestamp('2025-05-10 17:00:00'), 'buffer_time': 0.0}, {'from_property': 64937, 'to_property': 64932, 'travel_time': 7.108029371064788, 'tour_causing_travel': 4, 'prev_end': Timestamp('2025-05-10 18:00:00'), 'next_start': Timestamp('2025-05-10 18:00:00'), 'buffer_time': 0.0}, {'from_property': 64932, 'to_property': 64937, 'travel_time': 7.108029371064788, 'tour_causing_travel': 5, 'prev_end': Timestamp('2025-05-10 19:00:00'), 'next_start': Timestamp('2025-05-10 19:00:00'), 'buffer_time': 0.0}]",64937.0
fe3fff05-8c00-4519-866a-5a2c4aec8c96,2025-05-12,5,5,0,4,22.987428151658722,"[{'from_property': 64939, 'to_property': 64934, 'travel_time': 7.9874281516587216, 'tour_causing_travel': 1, 'prev_end': Timestamp('2025-05-12 16:30:00'), 'next_start': Timestamp('2025-05-12 16:30:00'), 'buffer_time': 0.0}, {'from_property': 64934, 'to_property': 100490, 'travel_time': 5.0, 'tour_causing_travel': 2, 'prev_end': Timestamp('2025-05-12 17:30:00'), 'next_start': Timestamp('2025-05-12 18:00:00'), 'buffer_time': 30.0}, {'from_property': 100490, 'to_property': 64933, 'travel_time': 5.0, 'tour_causing_travel': 3, 'prev_end': Timestamp('2025-05-12 18:45:00'), 'next_start': Timestamp('2025-05-12 19:00:00'), 'buffer_time': 15.0}, {'from_property': 64933, 'to_property': 84770, 'travel_time': 5.0, 'tour_causing_travel': 4, 'prev_end': Timestamp('2025-05-12 20:00:00'), 'next_start': Timestamp('2025-05-12 21:00:00'), 'buffer_time': 60.0}]",84770.0
fe3fff05-8c00-4519-866a-5a2c4aec8c96,2025-05-13,5,3,2,2,12.503403674298394,"[{'from_property': 64933, 'to_property': 64932, 'travel_time': 5.0, 'tour_causing_travel': 2, 'prev_end': Timestamp('2025-05-13 15:15:00'), 'next_start': Timestamp('2025-05-13 16:00:00'), 'buffer_time': 45.0}, {'from_property': 64932, 'to_property': 84770, 'travel_time': 7.503403674298393, 'tour_causing_travel': 4, 'prev_end': Timestamp('2025-05-13 20:30:00'), 'next_start': Timestamp('2025-05-13 20:00:00'), 'buffer_time': -30.0}]",84770.0
fe3fff05-8c00-4519-866a-5a2c4aec8c96,2025-05-14,4,4,0,3,22.510211022895177,"[{'from_property': 64932, 'to_property': 84770, 'travel_time': 7.503403674298393, 'tour_causing_travel': 1, 'prev_end': Timestamp('2025-05-14 15:00:00'), 'next_start': Timestamp('2025-05-14 16:00:00'), 'buffer_time': 60.0}, {'from_property': 84770, 'to_property': 64932, 'travel_time': 7.503403674298393, 'tour_causing_travel': 2, 'prev_end': Timestamp('2025-05-14 16:45:00'), 'next_start': Timestamp('2025-05-14 19:00:00'), 'buffer_time': 135.0}, {'from_property': 64932, 'to_property': 84770, 'travel_time': 7.503403674298393, 'tour_causing_travel': 3, 'prev_end': Timestamp('2025-05-14 20:00:00'), 'next_start': Timestamp('2025-05-14 20:00:00'), 'buffer_time': 0.0}]",84770.0
fe3fff05-8c00-4519-866a-5a2c4aec8c96,2025-05-16,4,4,0,1,5.0,"[{'from_property': 64939, 'to_property': 64940, 'travel_time': 5.0, 'tour_causing_travel': 2, 'prev_end': Timestamp('2025-05-16 18:45:00'), 'next_start': Timestamp('2025-05-16 19:00:00'), 'buffer_time': 15.0}]",64940.0
fe3fff05-8c00-4519-866a-5a2c4aec8c96,2025-05-17,3,3,0,1,7.937800127982374,"[{'from_property': 64939, 'to_property': 64942, 'travel_time': 7.937800127982374, 'tour_causing_travel': 1, 'prev_end': Timestamp('2025-05-17 16:45:00'), 'next_start': Timestamp('2025-05-17 17:15:00'), 'buffer_time': 30.0}]",64942.0
fe3fff05-8c00-4519-866a-5a2c4aec8c96,2025-05-19,6,6,0,4,25.611038079017902,"[{'from_property': 64940, 'to_property': 64942, 'travel_time': 7.792444379186417, 'tour_causing_travel': 1, 'prev_end': Timestamp('2025-05-19 16:00:00'), 'next_start': Timestamp('2025-05-19 15:00:00'), 'buffer_time': -60.0}, {'from_property': 64942, 'to_property': 64932, 'travel_time': 5.0, 'tour_causing_travel': 2, 'prev_end': Timestamp('2025-05-19 16:00:00'), 'next_start': Timestamp('2025-05-19 16:30:00'), 'buffer_time': 30.0}, {'from_property': 64932, 'to_property': 64933, 'travel_time': 5.0, 'tour_causing_travel': 3, 'prev_end': Timestamp('2025-05-19 17:30:00'), 'next_start': Timestamp('2025-05-19 17:00:00'), 'buffer_time': -30.0}, {'from_property': 64933, 'to_property': 64941, 'travel_time': 7.818593699831483, 'tour_causing_travel': 5, 'prev_end': Timestamp('2025-05-19 20:15:00'), 'next_start': Timestamp('2025-05-19 20:30:00'), 'buffer_time': 15.0}]",64941.0
fe3fff05-8c00-4519-866a-5a2c4aec8c96,2025-05-20,3,3,0,2,20.46003559491085,"[{'from_property': 64933, 'to_property': 64932, 'travel_time': 5.0, 'tour_causing_travel': 1, 'prev_end': Timestamp('2025-05-20 14:45:00'), 'next_start': Timestamp('2025-05-20 15:00:00'), 'buffer_time': 15.0}, {'from_property': 64932, 'to_property': 64938, 'travel_time': 15.460035594910849, 'tour_causing_travel': 2, 'prev_end': Timestamp('2025-05-20 16:00:00'), 'next_start': Timestamp('2025-05-20 19:00:00'), 'buffer_time': 180.0}]",64938.0
fe3fff05-8c00-4519-866a-5a2c4aec8c96,2025-05-21,3,3,0,2,17.62643921087157,"[{'from_property': 64943, 'to_property': 64939, 'travel_time': 7.9485559701258675, 'tour_causing_travel': 1, 'prev_end': Timestamp('2025-05-21 15:45:00'), 'next_start': Timestamp('2025-05-21 15:45:00'), 'buffer_time': 0.0}, {'from_property': 64939, 'to_property': 64938, 'travel_time': 9.677883240745704, 'tour_causing_travel': 2, 'prev_end': Timestamp('2025-05-21 16:30:00'), 'next_start': Timestamp('2025-05-21 16:30:00'), 'buffer_time': 0.0}]",64938.0
fe3fff05-8c00-4519-866a-5a2c4aec8c96,2025-05-23,2,2,0,1,5.0,"[{'from_property': 64934, 'to_property': 64933, 'travel_time': 5.0, 'tour_causing_travel': 1, 'prev_end': Timestamp('2025-05-23 15:45:00'), 'next_start': Timestamp('2025-05-23 16:00:00'), 'buffer_time': 15.0}]",64933.0
fe3fff05-8c00-4519-866a-5a2c4aec8c96,2025-05-27,5,4,1,3,19.715550214283155,"[{'from_property': 151243, 'to_property': 84770, 'travel_time': 8.860515314431048, 'tour_causing_travel': 1, 'prev_end': Timestamp('2025-05-27 15:30:00'), 'next_start': Timestamp('2025-05-27 16:00:00'), 'buffer_time': 30.0}, {'from_property': 84770, 'to_property': 64937, 'travel_time': 5.238917851353683, 'tour_causing_travel': 2, 'prev_end': Timestamp('2025-05-27 16:45:00'), 'next_start': Timestamp('2025-05-27 17:00:00'), 'buffer_time': 15.0}, {'from_property': 64937, 'to_property': 64933, 'travel_time': 5.616117048498422, 'tour_causing_travel': 3, 'prev_end': Timestamp('2025-05-27 18:00:00'), 'next_start': Timestamp('2025-05-27 18:00:00'), 'buffer_time': 0.0}]",64933.0
fe3fff05-8c00-4519-866a-5a2c4aec8c96,2025-05-28,2,2,0,1,14.077461108082106,"[{'from_property': 100490, 'to_property': 64938, 'travel_time': 14.077461108082106, 'tour_causing_travel': 1, 'prev_end': Timestamp('2025-05-28 17:45:00'), 'next_start': Timestamp('2025-05-28 19:30:00'), 'buffer_time': 105.0}]",64938.0
